date_key,date,tmin,tmax,tavg,prcp,snow
20200101,01-01-2020,-8.8,4.4,-2.2,0,5
20200102,02-01-2020,2.2,7.2,4.7,0,5
20200103,03-01-2020,-0.5,2.2,0.85,0,0
20200104,04-01-2020,-4.9,-0.5,-2.7,0,0
20200105,05-01-2020,-4.9,4.4,-0.25,0,0
20200106,06-01-2020,-3.8,6.1,1.15,0,0
20200107,07-01-2020,-6,3.3,-1.35,0,0
20200108,08-01-2020,-14.3,-6,-10.15,0,0
20200109,09-01-2020,-7.1,9.4,1.15,0.3,0
20200110,10-01-2020,-2.1,4.4,1.15,11.9,0
20200111,11-01-2020,-7.7,-1,-4.35,1.3,5
20200112,12-01-2020,-10.5,-3.2,-6.85,4.3,5
20200113,13-01-2020,-3.2,-1,-2.1,0.5,10
20200114,14-01-2020,-2.1,2.2,0.05,0,8
20200115,15-01-2020,-7.1,0,-3.55,0.5,5
20200116,16-01-2020,-16,-4.3,-10.15,0,5
20200117,17-01-2020,-17.1,-2.1,-9.6,7.4,5
20200118,18-01-2020,-16,0,-8,3.8,15
20200119,19-01-2020,-17.7,-6,-11.85,0,15
20200120,20-01-2020,-15.5,-3.8,-9.65,0,13
20200121,21-01-2020,-17.1,-4.9,-11,0,13
20200122,22-01-2020,-6,-0.5,-3.25,0.5,13
20200123,23-01-2020,-2.1,0,-1.05,2,15
20200124,24-01-2020,0,1.1,0.55,6.4,18
20200125,25-01-2020,0,2.2,1.1,5.1,23
20200126,26-01-2020,-2.7,0.6,-1.05,0,18
20200127,27-01-2020,-3.2,0.6,-1.3,0,18
20200128,28-01-2020,-4.3,-0.5,-2.4,0,18
20200129,29-01-2020,-4.9,-3.2,-4.05,0,15
20200130,30-01-2020,-4.3,-1,-2.65,0,15
20200131,31-01-2020,-2.7,0.6,-1.05,0.3,15
20200201,01-02-2020,0,3.3,1.65,0,15
20200202,02-02-2020,-1,10.6,4.8,0,15
20200203,03-02-2020,-4.3,3.9,-0.2,0,13
20200204,04-02-2020,-6.6,0.6,-3,0,13
20200205,05-02-2020,-9.9,-3.2,-6.55,0,13
20200206,06-02-2020,-9.9,0.6,-4.65,0,13
20200207,07-02-2020,-11,1.1,-4.95,0,13
20200208,08-02-2020,-8.2,-1,-4.6,0,13
20200209,09-02-2020,-8.8,0,-4.4,9.4,15
20200210,10-02-2020,-15.5,-0.5,-8,0,25
20200211,11-02-2020,-8.2,-1,-4.6,0,23
20200212,12-02-2020,-12.1,1.7,-5.2,2,23
20200213,13-02-2020,-20.5,-3.2,-11.85,0.8,23
20200214,14-02-2020,-23.8,-11.6,-17.7,0,20
20200215,15-02-2020,-14.9,0.6,-7.15,0,20
20200216,16-02-2020,-11.6,1.1,-5.25,0,20
20200217,17-02-2020,-4.9,1.1,-1.9,11.7,20
20200218,18-02-2020,-9.3,0.6,-4.35,0,33
20200219,19-02-2020,-16.6,-6.6,-11.6,0,30
20200220,20-02-2020,-22.1,-8.2,-15.15,0,28
20200221,21-02-2020,-15.5,1.1,-7.2,0,28
20200222,22-02-2020,-4.9,4.4,-0.25,0,25
20200223,23-02-2020,-0.5,9.4,4.45,0,25
20200224,24-02-2020,-5.5,3.3,-1.1,0,20
20200225,25-02-2020,-2.7,1.1,-0.8,0,20
20200226,26-02-2020,-4.9,-2.1,-3.5,0,20
20200227,27-02-2020,-9.9,-2.7,-6.3,0,20
20200228,28-02-2020,-10.5,-2.7,-6.6,0,20
20200229,29-02-2020,-12.7,0.6,-6.05,0,18
20200301,01-03-2020,-2.7,11.1,4.2,0,18
20200302,02-03-2020,-2.1,5.6,1.75,0,15
20200303,03-03-2020,-1,6.7,2.85,1.5,13
20200304,04-03-2020,-0.5,6.1,2.8,0,13
20200305,05-03-2020,-1,7.8,3.4,0,10
20200306,06-03-2020,-2.7,4.4,0.85,0,8
20200307,07-03-2020,-3.8,10,3.1,0,8
20200308,08-03-2020,3.3,16.7,10,0,5
20200309,09-03-2020,2.2,11.1,6.65,12.7,0
20200310,10-03-2020,-1,8.3,3.65,0,0
20200311,11-03-2020,0.6,6.1,3.35,5.8,0
20200312,12-03-2020,1.7,10.6,6.15,1.3,0
20200313,13-03-2020,-0.5,8.3,3.9,0,0
20200314,14-03-2020,-2.7,1.7,-0.5,0,0
20200315,15-03-2020,-3.8,5,0.6,0,0
20200316,16-03-2020,-3.8,5,0.6,0,0
20200317,17-03-2020,-2.1,7.8,2.85,0,0
20200318,18-03-2020,0,4.4,2.2,8.6,0
20200319,19-03-2020,3.3,7.8,5.55,32.8,0
20200320,20-03-2020,-3.8,3.9,0.05,8.6,0
20200321,21-03-2020,-7.1,2.2,-2.45,0,0
20200322,22-03-2020,-3.2,2.2,-0.5,0,0
20200323,23-03-2020,-1.6,6.7,2.55,0,0
20200324,24-03-2020,2.2,8.9,5.55,0,0
20200325,25-03-2020,1.7,11.1,6.4,0.8,0
20200326,26-03-2020,2.2,7.2,4.7,0.3,0
20200327,27-03-2020,0.6,13.3,6.95,3.3,0
20200328,28-03-2020,5,10,7.5,11.4,0
20200329,29-03-2020,3.9,9.4,6.65,1,0
20200330,30-03-2020,3.3,13.9,8.6,0,0
20200331,31-03-2020,-0.5,3.9,1.7,0,0
20200401,01-04-2020,-1,11.7,5.35,0,0
20200402,02-04-2020,0.6,16.7,8.65,0,0
20200403,03-04-2020,1.7,19.4,10.55,2.3,0
20200404,04-04-2020,-1.6,10.6,4.5,0,0
20200405,05-04-2020,-1.6,13.3,5.85,0,0
20200406,06-04-2020,0.6,15,7.8,0.8,0
20200407,07-04-2020,9.4,23.9,16.65,0.3,0
20200408,08-04-2020,4.4,15,9.7,6.6,0
20200409,09-04-2020,0,7.2,3.6,0,0
20200410,10-04-2020,-1,9.4,4.2,0,0
20200411,11-04-2020,3.3,15,9.15,0.5,0
20200412,12-04-2020,0.6,12.8,6.7,12.2,0
20200413,13-04-2020,-1.6,4.4,1.4,0.5,0
20200414,14-04-2020,-3.8,2.2,-0.8,0,0
20200415,15-04-2020,-6,2.8,-1.6,0,0
20200416,16-04-2020,-4.9,7.2,1.15,0,0
20200417,17-04-2020,0.6,9.4,5,0,0
20200418,18-04-2020,-0.5,15.6,7.55,0,0
20200419,19-04-2020,4.4,13.9,9.15,0,0
20200420,20-04-2020,-1.6,17.2,7.8,0.3,0
20200421,21-04-2020,-1,9.4,4.2,0,0
20200422,22-04-2020,2.8,15.6,9.2,9.7,0
20200423,23-04-2020,3.9,12.2,8.05,0,0
20200424,24-04-2020,3.9,12.2,8.05,1,0
20200425,25-04-2020,3.3,13.3,8.3,0,0
20200426,26-04-2020,3.3,19.4,11.35,0,0
20200427,27-04-2020,6.1,16.1,11.1,8.9,0
20200428,28-04-2020,2.8,19.4,11.1,0,0
20200429,29-04-2020,7.8,11.1,9.45,8.9,0
20200430,30-04-2020,5.6,18.9,12.25,0,0
20200501,01-05-2020,2.2,19.4,10.8,0,0
20200502,02-05-2020,13.3,23.3,18.3,0,0
20200503,03-05-2020,5.6,22.8,14.2,0,0
20200504,04-05-2020,1.7,12.8,7.25,0,0
20200505,05-05-2020,2.8,11.7,7.25,0,0
20200506,06-05-2020,0,18.3,9.15,0,0
20200507,07-05-2020,3.9,16.7,10.3,0,0
20200508,08-05-2020,-1.6,8.3,3.35,0,0
20200509,09-05-2020,-3.8,15,5.6,0,0
20200510,10-05-2020,1.1,14.4,7.75,9.9,0
20200511,11-05-2020,1.1,11.7,6.4,0,0
20200512,12-05-2020,-0.5,15.6,7.55,0,0
20200513,13-05-2020,-0.5,18.9,9.2,5.3,0
20200514,14-05-2020,11.1,18.3,14.7,12.2,0
20200515,15-05-2020,10,23.3,16.65,0,0
20200516,16-05-2020,7.8,21.1,14.45,0,0
20200517,17-05-2020,10,12.2,11.1,51.8,0
20200518,18-05-2020,10,12.8,11.4,1,0
20200519,19-05-2020,9.4,15.6,12.5,0,0
20200520,20-05-2020,9.4,21.1,15.25,0,0
20200521,21-05-2020,12.2,20.6,16.4,0,0
20200522,22-05-2020,12.8,19.4,16.1,0.5,0
20200523,23-05-2020,12.2,22.8,17.5,20.3,0
20200524,24-05-2020,16.7,27.2,21.95,0,0
20200525,25-05-2020,17.8,28.3,23.05,0.3,0
20200526,26-05-2020,17.2,30,23.6,0,0
20200527,27-05-2020,21.7,28.9,25.3,0,0
20200528,28-05-2020,15,22.8,18.9,36.3,0
20200529,29-05-2020,10,18.3,14.15,0,0
20200530,30-05-2020,8.9,21.1,15,0,0
20200531,31-05-2020,5,21.7,13.35,0,0
20200601,01-06-2020,13.3,25,19.15,0,0
20200602,02-06-2020,18.9,31.7,25.3,15.7,0
20200603,03-06-2020,18.3,30,24.15,1.8,0
20200604,04-06-2020,16.7,30.6,23.65,0,0
20200605,05-06-2020,17.2,30,23.6,0,0
20200606,06-06-2020,13.9,26.1,20,0,0
20200607,07-06-2020,12.8,26.7,19.75,0,0
20200608,08-06-2020,15.6,31.7,23.65,0,0
20200609,09-06-2020,16.1,29.4,22.75,16,0
20200610,10-06-2020,15,27.2,21.1,31.2,0
20200611,11-06-2020,12.8,26.7,19.75,0,0
20200612,12-06-2020,11.1,27.8,19.45,0,0
20200613,13-06-2020,7.8,20,13.9,0,0
20200614,14-06-2020,7.2,21.1,14.15,0,0
20200615,15-06-2020,7.2,24.4,15.8,0,0
20200616,16-06-2020,8.3,27.8,18.05,0,0
20200617,17-06-2020,13.3,28.9,21.1,0,0
20200618,18-06-2020,13.9,30,21.95,0,0
20200619,19-06-2020,16.1,30.6,23.35,0,0
20200620,20-06-2020,20.6,26.1,23.35,3.3,0
20200621,21-06-2020,16.1,28.3,22.2,0,0
20200622,22-06-2020,15.6,22.8,19.2,16.8,0
20200623,23-06-2020,13.3,23.3,18.3,11.2,0
20200624,24-06-2020,13.3,24.4,18.85,0.3,0
20200625,25-06-2020,12.2,27.8,20,0,0
20200626,26-06-2020,18.3,23.9,21.1,26.2,0
20200627,27-06-2020,17.8,29.4,23.6,0,0
20200628,28-06-2020,17.2,29.4,23.3,0,0
20200629,29-06-2020,18.9,31.1,25,6.4,0
20200630,30-06-2020,17.8,31.7,24.75,0,0
20200701,01-07-2020,17.8,30.6,24.2,0,0
20200702,02-07-2020,16.7,31.7,24.2,0,0
20200703,03-07-2020,18.3,32.8,25.55,0,0
20200704,04-07-2020,18.9,31.7,25.3,0,0
20200705,05-07-2020,18.9,32.2,25.55,0,0
20200706,06-07-2020,20,32.8,26.4,0,0
20200707,07-07-2020,20.6,32.8,26.7,55.1,0
20200708,08-07-2020,18.9,32.2,25.55,0,0
20200709,09-07-2020,20,32.2,26.1,50,0
20200710,10-07-2020,19.4,28.3,23.85,11.7,0
20200711,11-07-2020,17.2,28.9,23.05,0,0
20200712,12-07-2020,16.7,27.2,21.95,0,0
20200713,13-07-2020,15,27.8,21.4,0,0
20200714,14-07-2020,20.6,28.3,24.45,19.8,0
20200715,15-07-2020,18.3,22.8,20.55,14.2,0
20200716,16-07-2020,18.3,28.3,23.3,0,0
20200717,17-07-2020,18.9,30,24.45,0,0
20200718,18-07-2020,23.9,31.1,27.5,2.5,0
20200719,19-07-2020,21.7,28.3,25,0,0
20200720,20-07-2020,17.2,26.1,21.65,0,0
20200721,21-07-2020,16.7,26.1,21.4,0,0
20200722,22-07-2020,14.4,27.2,20.8,0,0
20200723,23-07-2020,13.3,27.2,20.25,0,0
20200724,24-07-2020,15,28.9,21.95,0,0
20200725,25-07-2020,21.1,31.7,26.4,0,0
20200726,26-07-2020,22.8,33.3,28.05,39.4,0
20200727,27-07-2020,20.6,28.3,24.45,0,0
20200728,28-07-2020,17.2,29.4,23.3,0,0
20200729,29-07-2020,18.3,29.4,23.85,0,0
20200730,30-07-2020,16.7,27.8,22.25,0,0
20200731,31-07-2020,14.4,27.2,20.8,0,0
20200801,01-08-2020,13.9,27.8,20.85,0,0
20200802,02-08-2020,15,25,20,12.4,0
20200803,03-08-2020,13.3,18.9,16.1,0,0
20200804,04-08-2020,11.1,21.7,16.4,0,0
20200805,05-08-2020,10.6,25,17.8,0,0
20200806,06-08-2020,11.1,26.7,18.9,0,0
20200807,07-08-2020,13.9,27.2,20.55,0,0
20200808,08-08-2020,20,31.1,25.55,0,0
20200809,09-08-2020,20.6,28.9,24.75,10.7,0
20200810,10-08-2020,18.3,28.9,23.6,2.8,0
20200811,11-08-2020,12.8,27.8,20.3,0,0
20200812,12-08-2020,12.8,27.8,20.3,0,0
20200813,13-08-2020,13.9,28.3,21.1,0,0
20200814,14-08-2020,14.4,30,22.2,0,0
20200815,15-08-2020,14.4,24.4,19.4,2.5,0
20200816,16-08-2020,12.2,28.3,20.25,0,0
20200817,17-08-2020,13.9,27.2,20.55,0.3,0
20200818,18-08-2020,12.8,25,18.9,0,0
20200819,19-08-2020,11.1,27.2,19.15,0,0
20200820,20-08-2020,18.9,27.8,23.35,0,0
20200821,21-08-2020,14.4,28.9,21.65,0,0
20200822,22-08-2020,18.3,28.3,23.3,0,0
20200823,23-08-2020,18.3,30.6,24.45,0,0
20200824,24-08-2020,20,31.7,25.85,7.4,0
20200825,25-08-2020,18.3,31.7,25,1.8,0
20200826,26-08-2020,22.8,32.2,27.5,0,0
20200827,27-08-2020,18.9,32.8,25.85,15.5,0
20200828,28-08-2020,19.4,30.6,25,0.5,0
20200829,29-08-2020,12.8,25,18.9,0,0
20200830,30-08-2020,9.4,24.4,16.9,0,0
20200831,31-08-2020,11.7,23.3,17.5,19.3,0
20200901,01-09-2020,7.8,21.7,14.75,4.8,0
20200902,02-09-2020,13.9,27.2,20.55,0.3,0
20200903,03-09-2020,12.2,24.4,18.3,0,0
20200904,04-09-2020,10.6,23.9,17.25,0,0
20200905,05-09-2020,11.1,25,18.05,0,0
20200906,06-09-2020,11.7,25.6,18.65,9.7,0
20200907,07-09-2020,11.7,21.7,16.7,0.3,0
20200908,08-09-2020,8.9,12.2,10.55,19.8,0
20200909,09-09-2020,7.8,10.6,9.2,8.9,0
20200910,10-09-2020,7.8,11.7,9.75,7.1,0
20200911,11-09-2020,10.6,15.6,13.1,24.9,0
20200912,12-09-2020,15,20,17.5,2.5,0
20200913,13-09-2020,11.1,22.2,16.65,0,0
20200914,14-09-2020,9.4,21.7,15.55,0,0
20200915,15-09-2020,13.3,25.6,19.45,0,0
20200916,16-09-2020,12.8,23.9,18.35,0,0
20200917,17-09-2020,7.8,19.4,13.6,0,0
20200918,18-09-2020,5.6,16.7,11.15,0,0
20200919,19-09-2020,2.8,18.3,10.55,0,0
20200920,20-09-2020,5.6,20.6,13.1,0,0
20200921,21-09-2020,8.9,22.8,15.85,0,0
20200922,22-09-2020,11.7,25.6,18.65,0,0
20200923,23-09-2020,11.1,25,18.05,0,0
20200924,24-09-2020,12.2,22.8,17.5,1,0
20200925,25-09-2020,15.6,25.6,20.6,0,0
20200926,26-09-2020,17.2,23.9,20.55,0,0
20200927,27-09-2020,12.2,22.8,17.5,6.9,0
20200928,28-09-2020,7.8,15,11.4,0.3,0
20200929,29-09-2020,5.6,13.3,9.45,0,0
20200930,30-09-2020,7.8,15,11.4,0.3,0
20201001,01-10-2020,6.7,13.9,10.3,0.8,0
20201002,02-10-2020,-0.5,11.1,5.3,0,0
20201003,03-10-2020,1.7,11.1,6.4,0.5,0
20201004,04-10-2020,0,11.7,5.85,0,0
20201005,05-10-2020,0.6,16.7,8.65,0,0
20201006,06-10-2020,9.4,21.7,15.55,0,0
20201007,07-10-2020,6.1,21.7,13.9,0,0
20201008,08-10-2020,3.9,18.9,11.4,0,0
20201009,09-10-2020,10,26.1,18.05,0,0
20201010,10-10-2020,6.7,22.2,14.45,0,0
20201011,11-10-2020,6.1,18.3,12.2,0,0
20201012,12-10-2020,4.4,17.8,11.1,6.6,0
20201013,13-10-2020,5,18.9,11.95,0,0
20201014,14-10-2020,4.4,20,12.2,0,0
20201015,15-10-2020,3.3,10.6,6.95,0,0
20201016,16-10-2020,0,10.6,5.3,0.5,0
20201017,17-10-2020,0.6,16.7,8.65,0,0
20201018,18-10-2020,1.1,11.7,6.4,2.3,0
20201019,19-10-2020,-2.7,2.2,-0.25,0,0
20201020,20-10-2020,-2.7,8.3,2.8,3.3,0
20201021,21-10-2020,4.4,12.8,8.6,5.6,0
20201022,22-10-2020,3.9,8.3,6.1,47.8,0
20201023,23-10-2020,1.7,5.6,3.65,18,0
20201024,24-10-2020,0,5,2.5,0,0
20201025,25-10-2020,-0.5,2.2,0.85,0.5,0
20201026,26-10-2020,-2.1,2.2,0.05,0,0
20201027,27-10-2020,-1.6,4.4,1.4,0,0
20201028,28-10-2020,-1,11.1,5.05,0,0
20201029,29-10-2020,0,5.6,2.8,0,0
20201030,30-10-2020,-2.7,5.6,1.45,0,0
20201031,31-10-2020,-1.6,14.4,6.4,0,0
20201101,01-11-2020,-2.7,6.1,1.7,0,0
20201102,02-11-2020,-3.8,10.6,3.4,0,0
20201103,03-11-2020,-1,20,9.5,0,0
20201104,04-11-2020,6.7,20.6,13.65,0,0
20201105,05-11-2020,5.6,22.2,13.9,0,0
20201106,06-11-2020,4.4,21.1,12.75,0,0
20201107,07-11-2020,11.1,21.1,16.1,0,0
20201108,08-11-2020,11.7,21.7,16.7,0,0
20201109,09-11-2020,15,22.8,18.9,0,0
20201110,10-11-2020,1.1,18.9,10,21.1,0
20201111,11-11-2020,0,6.7,3.35,0,0
20201112,12-11-2020,-0.5,11.1,5.3,0.3,0
20201113,13-11-2020,-4.3,2.2,-1.05,0,0
20201114,14-11-2020,-3.2,8.9,2.85,3.6,0
20201115,15-11-2020,-1.6,10,4.2,3.3,0
20201116,16-11-2020,-3.2,5,0.9,0,0
20201117,17-11-2020,-4.9,3.9,-0.5,0,0
20201118,18-11-2020,0,10,5,0,0
20201119,19-11-2020,6.7,16.7,11.7,0,0
20201120,20-11-2020,-1,13.3,6.15,0,0
20201121,21-11-2020,-5.5,5,-0.25,0,0
20201122,22-11-2020,-6,5.6,-0.2,0,0
20201123,23-11-2020,-3.2,5,0.9,0,0
20201124,24-11-2020,0,3.3,1.65,16.3,0
20201125,25-11-2020,2.2,3.9,3.05,2.5,0
20201126,26-11-2020,2.2,6.7,4.45,0,0
20201127,27-11-2020,-2.1,5,1.45,0,0
20201128,28-11-2020,-3.8,10,3.1,0,0
20201129,29-11-2020,-0.5,7.8,3.65,0,0
20201130,30-11-2020,-7.1,-0.5,-3.8,0,0
20201201,01-12-2020,-8.8,1.1,-3.85,0,0
20201202,02-12-2020,-8.2,6.7,-0.75,0,0
20201203,03-12-2020,-2.1,4.4,1.15,0,0
20201204,04-12-2020,-7.1,6.1,-0.5,0,0
20201205,05-12-2020,-8.2,1.7,-3.25,0,0
20201206,06-12-2020,-4.3,2.8,-0.75,0,0
20201207,07-12-2020,-1,1.1,0.05,0,0
20201208,08-12-2020,-1.6,1.1,-0.25,0,0
20201209,09-12-2020,-3.8,11.1,3.65,0,0
20201210,10-12-2020,-4.9,11.1,3.1,0,0
20201211,11-12-2020,-1.6,3.3,0.85,7.6,0
20201212,12-12-2020,-4.3,0,-2.15,5.8,5
20201213,13-12-2020,-12.7,-2.7,-7.7,0,13
20201214,14-12-2020,-11.6,-3.2,-7.4,0,13
20201215,15-12-2020,-14.9,-4.9,-9.9,0,13
20201216,16-12-2020,-7.7,-0.5,-4.1,0,13
20201217,17-12-2020,-9.3,-0.5,-4.9,0,13
20201218,18-12-2020,-12.1,1.7,-5.2,0,13
20201219,19-12-2020,0,1.7,0.85,0,13
20201220,20-12-2020,-3.8,0.6,-1.6,0,13
20201221,21-12-2020,-1.6,4.4,1.4,0,13
20201222,22-12-2020,-3.8,3.3,-0.25,0,13
20201223,23-12-2020,-8.2,11.7,1.75,0.8,10
20201224,24-12-2020,-16,-8.2,-12.1,0,3
20201225,25-12-2020,-15.5,-6.6,-11.05,0,3
20201226,26-12-2020,-9.9,-2.7,-6.3,0,3
20201227,27-12-2020,-7.7,1.7,-3,3.6,10
20201228,28-12-2020,-9.9,-2.1,-6,0,8
20201229,29-12-2020,-14.9,-2.7,-8.8,9.9,8
20201230,30-12-2020,-4.9,-0.5,-2.7,0.8,20
20201231,31-12-2020,-8.8,-4.9,-6.85,0.3,18
20210101,01-01-2021,-8.8,-3.2,-6,0.5,18
20210102,02-01-2021,-8.2,-4.3,-6.25,0,18
20210103,03-01-2021,-6.6,-4.9,-5.75,0,18
20210104,04-01-2021,-6.6,-1.6,-4.1,0.5,15
20210105,05-01-2021,-9.3,0.6,-4.35,0,18
20210106,06-01-2021,-8.8,-1.6,-5.2,0,15
20210107,07-01-2021,-6,-1.6,-3.8,0,15
20210108,08-01-2021,-3.8,-2.1,-2.95,0,15
20210109,09-01-2021,-9.3,-1,-5.15,0,15
20210110,10-01-2021,-7.7,-4.3,-6,0,15
20210111,11-01-2021,-7.7,-0.5,-4.1,0,15
20210112,12-01-2021,-7.7,1.7,-3,0,15
20210113,13-01-2021,-2.7,3.9,0.6,0,15
20210114,14-01-2021,-3.8,1.7,-1.05,5.3,13
20210115,15-01-2021,0,1.7,0.85,2,15
20210116,16-01-2021,-1,1.7,0.35,1,15
20210117,17-01-2021,-2.7,-1,-1.85,0.5,13
20210118,18-01-2021,-7.7,-2.1,-4.9,0,13
20210119,19-01-2021,-11.6,-2.7,-7.15,1.5,13
20210120,20-01-2021,-14.9,1.1,-6.9,0,18
20210121,21-01-2021,-7.7,3.9,-1.9,0,15
20210122,22-01-2021,-15.5,-7.7,-11.6,0,13
20210123,23-01-2021,-17.7,-5.5,-11.6,0.3,13
20210124,24-01-2021,-13.8,-1.6,-7.7,3,18
20210125,25-01-2021,-15.5,-6,-10.75,0.8,18
20210126,26-01-2021,-13.8,-3.8,-8.8,6.1,23
20210127,27-01-2021,-18.8,-6.6,-12.7,0,25
20210128,28-01-2021,-21.6,-6.6,-14.1,0,25
20210129,29-01-2021,-16.6,-3.2,-9.9,0,25
20210130,30-01-2021,-3.8,0,-1.9,7.4,25
20210131,31-01-2021,-5.5,-1,-3.25,3.3,25
20210201,01-02-2021,-12.7,0,-6.35,0,25
20210202,02-02-2021,-14.9,-0.5,-7.7,0,25
20210203,03-02-2021,-18.2,-1.6,-9.9,0,25
20210204,04-02-2021,-9.3,0,-4.65,8.4,25
20210205,05-02-2021,-16,-9.3,-12.65,0,33
20210206,06-02-2021,-21.6,-13.2,-17.4,0,33
20210207,07-02-2021,-26,-17.7,-21.85,0,33
20210208,08-02-2021,-23.2,-14.9,-19.05,0.3,33
20210209,09-02-2021,-27.7,-12.1,-19.9,0,33
20210210,10-02-2021,-23.8,-11.6,-17.7,0,30
20210211,11-02-2021,-23.8,-14.3,-19.05,2.5,33
20210212,12-02-2021,-19.3,-14.9,-17.1,0.8,33
20210213,13-02-2021,-22.7,-16.6,-19.65,3,33
20210214,14-02-2021,-24.3,-18.8,-21.55,0,38
20210215,15-02-2021,-24.3,-16,-20.15,0,38
20210216,16-02-2021,-22.1,-8.2,-15.15,0.8,38
20210217,17-02-2021,-25.5,-7.7,-16.6,0,36
20210218,18-02-2021,-13.8,-3.8,-8.8,0,36
20210219,19-02-2021,-15.5,-6.6,-11.05,0,36
20210220,20-02-2021,-21,-5.5,-13.25,0,33
20210221,21-02-2021,-8.2,-0.5,-4.35,6.1,33
20210222,22-02-2021,-4.3,2.8,-0.75,0,41
20210223,23-02-2021,1.1,7.8,4.45,0,36
20210224,24-02-2021,-6.6,4.4,-1.1,0,30
20210225,25-02-2021,-8.2,5,-1.6,0,28
20210226,26-02-2021,-7.1,3.9,-1.6,0,28
20210227,27-02-2021,-3.8,7.8,2,0,28
20210228,28-02-2021,-3.8,4.4,0.3,0,25
20210301,01-03-2021,-9.9,-1.6,-5.75,0,23
20210302,02-03-2021,-11,3.9,-3.55,0,20
20210303,03-03-2021,-4.9,10.6,2.85,0,20
20210304,04-03-2021,-6.6,1.1,-2.75,0,15
20210305,05-03-2021,-8.2,7.8,-0.2,0,15
20210306,06-03-2021,-6.6,7.2,0.3,0,15
20210307,07-03-2021,-8.2,6.7,-0.75,0,15
20210308,08-03-2021,1.1,16.7,8.9,0,8
20210309,09-03-2021,-1,16.1,7.55,0,3
20210310,10-03-2021,8.9,16.1,12.5,1.5,0
20210311,11-03-2021,1.1,13.3,7.2,0,0
20210312,12-03-2021,-3.8,9.4,2.8,0,0
20210313,13-03-2021,-5.5,15,4.75,0,0
20210314,14-03-2021,-2.7,8.3,2.8,0,0
20210315,15-03-2021,-2.7,1.1,-0.8,5.6,0
20210316,16-03-2021,-1.6,1.7,0.05,0,3
20210317,17-03-2021,0,1.1,0.55,4.3,0
20210318,18-03-2021,-1,7.8,3.4,0,0
20210319,19-03-2021,-5.5,10.6,2.55,0,0
20210320,20-03-2021,-3.2,13.9,5.35,0,0
20210321,21-03-2021,1.1,17.2,9.15,0,0
20210322,22-03-2021,6.7,15,10.85,0,0
20210323,23-03-2021,3.9,16.1,10,16.5,0
20210324,24-03-2021,6.1,11.7,8.9,2.5,0
20210325,25-03-2021,1.1,7.2,4.15,0.3,0
20210326,26-03-2021,-0.5,8.3,3.9,0.3,0
20210327,27-03-2021,3.3,9.4,6.35,4.8,0
20210328,28-03-2021,-3.2,6.1,1.45,0,0
20210329,29-03-2021,-3.2,18.3,7.55,0,0
20210330,30-03-2021,2.2,15,8.6,0,0
20210331,31-03-2021,-2.7,4.4,0.85,0,0
20210401,01-04-2021,-7.1,4.4,-1.35,0,0
20210402,02-04-2021,-3.8,10,3.1,0,0
20210403,03-04-2021,4.4,22.2,13.3,0,0
20210404,04-04-2021,1.1,23.9,12.5,0,0
20210405,05-04-2021,14.4,24.4,19.4,0,0
20210406,06-04-2021,14.4,26.1,20.25,0,0
20210407,07-04-2021,12.8,25.6,19.2,3,0
20210408,08-04-2021,7.8,17.2,12.5,9.7,0
20210409,09-04-2021,8.9,14.4,11.65,1.8,0
20210410,10-04-2021,8.9,12.2,10.55,14.5,0
20210411,11-04-2021,9.4,13.3,11.35,7.4,0
20210412,12-04-2021,2.8,13.9,8.35,0,0
20210413,13-04-2021,2.2,8.9,5.55,0,0
20210414,14-04-2021,0.6,4.4,2.5,0,0
20210415,15-04-2021,1.1,8.9,5,0,0
20210416,16-04-2021,-1,16.1,7.55,0,0
20210417,17-04-2021,-1,15,7,0,0
20210418,18-04-2021,1.7,16.1,8.9,0,0
20210419,19-04-2021,0.6,10.6,5.6,0,0
20210420,20-04-2021,-2.1,5.6,1.75,0,0
20210421,21-04-2021,-3.8,7.8,2,0.3,0
20210422,22-04-2021,-5.5,16.7,5.6,0,0
20210423,23-04-2021,7.2,15,11.1,0,0
20210424,24-04-2021,5,16.1,10.55,0,0
20210425,25-04-2021,-1,10,4.5,0,0
20210426,26-04-2021,2.2,24.4,13.3,0,0
20210427,27-04-2021,7.8,26.7,17.25,0,0
20210428,28-04-2021,7.2,16.7,11.95,0,0
20210429,29-04-2021,6.7,22.2,14.45,0,0
20210430,30-04-2021,7.8,16.1,11.95,0,0
20210501,01-05-2021,7.8,30.6,19.2,0,0
20210502,02-05-2021,15,28.9,21.95,0,0
20210503,03-05-2021,12.2,20,16.1,14.7,0
20210504,04-05-2021,5,15.6,10.3,0,0
20210505,05-05-2021,1.7,16.7,9.2,0.8,0
20210506,06-05-2021,5,15,10,5.3,0
20210507,07-05-2021,1.7,11.7,6.7,0,0
20210508,08-05-2021,-1,12.2,5.6,0,0
20210509,09-05-2021,3.9,16.1,10,0,0
20210510,10-05-2021,2.8,11.7,7.25,0,0
20210511,11-05-2021,-1,15,7,0,0
20210512,12-05-2021,2.2,18.3,10.25,0,0
20210513,13-05-2021,2.8,20,11.4,0,0
20210514,14-05-2021,3.3,21.1,12.2,0,0
20210515,15-05-2021,11.1,16.1,13.6,2.3,0
20210516,16-05-2021,12.2,21.7,16.95,0,0
20210517,17-05-2021,8.3,24.4,16.35,0,0
20210518,18-05-2021,11.7,23.3,17.5,6.1,0
20210519,19-05-2021,17.2,23.9,20.55,1.3,0
20210520,20-05-2021,18.9,27.2,23.05,0,0
20210521,21-05-2021,18.3,23.3,20.8,2.3,0
20210522,22-05-2021,17.8,28.3,23.05,0,0
20210523,23-05-2021,13.9,26.1,20,7.4,0
20210524,24-05-2021,13.3,28.3,20.8,0,0
20210525,25-05-2021,19.4,27.2,23.3,0,0
20210526,26-05-2021,10.6,24.4,17.5,0,0
20210527,27-05-2021,3.9,10.6,7.25,15,0
20210528,28-05-2021,3.3,10.6,6.95,0.8,0
20210529,29-05-2021,0.6,17.8,9.2,0,0
20210530,30-05-2021,1.1,18.9,10,0,0
20210531,31-05-2021,10,22.2,16.1,0,0
20210601,01-06-2021,12.8,25,18.9,0,0
20210602,02-06-2021,9.4,26.7,18.05,0,0
20210603,03-06-2021,14.4,30.6,22.5,0.3,0
20210604,04-06-2021,20.6,31.7,26.15,0,0
20210605,05-06-2021,20.6,33.3,26.95,0,0
20210606,06-06-2021,22.2,31.7,26.95,0,0
20210607,07-06-2021,21.7,28.9,25.3,0.8,0
20210608,08-06-2021,20,32.8,26.4,0,0
20210609,09-06-2021,19.4,33.3,26.35,0,0
20210610,10-06-2021,18.3,33.3,25.8,0,0
20210611,11-06-2021,19.4,34.4,26.9,1.5,0
20210612,12-06-2021,15.6,30.6,23.1,0,0
20210613,13-06-2021,12.2,31.1,21.65,0,0
20210614,14-06-2021,13.9,28.9,21.4,0,0
20210615,15-06-2021,14.4,27.8,21.1,0,0
20210616,16-06-2021,10,27.8,18.9,0,0
20210617,17-06-2021,14.4,32.8,23.6,1,0
20210618,18-06-2021,20,31.1,25.55,36.6,0
20210619,19-06-2021,16.7,27.8,22.25,1,0
20210620,20-06-2021,14.4,24.4,19.4,10.4,0
20210621,21-06-2021,10.6,20.6,15.6,0,0
20210622,22-06-2021,7.8,22.2,15,0,0
20210623,23-06-2021,13.3,25.6,19.45,1,0
20210624,24-06-2021,19.4,24.4,21.9,8.4,0
20210625,25-06-2021,20,28.3,24.15,29.2,0
20210626,26-06-2021,21.7,23.9,22.8,14.7,0
20210627,27-06-2021,18.3,25.6,21.95,0.3,0
20210628,28-06-2021,18.3,26.1,22.2,0,0
20210629,29-06-2021,20.6,25,22.8,11.7,0
20210630,30-06-2021,18.9,29.4,24.15,0,0
20210701,01-07-2021,15.6,26.7,21.15,0,0
20210702,02-07-2021,11.7,25,18.35,0,0
20210703,03-07-2021,14.4,29.4,21.9,0,0
20210704,04-07-2021,19.4,31.1,25.25,0,0
20210705,05-07-2021,22.8,31.7,27.25,0,0
20210706,06-07-2021,21.7,32.2,26.95,0,0
20210707,07-07-2021,15.6,22.8,19.2,6.4,0
20210708,08-07-2021,13.9,20.6,17.25,0,0
20210709,09-07-2021,12.2,25,18.6,0,0
20210710,10-07-2021,13.9,24.4,19.15,0,0
20210711,11-07-2021,16.1,25.6,20.85,0,0
20210712,12-07-2021,14.4,23.9,19.15,0.3,0
20210713,13-07-2021,18.3,28.3,23.3,0,0
20210714,14-07-2021,18.9,26.7,22.8,19.3,0
20210715,15-07-2021,17.8,26.7,22.25,0.5,0
20210716,16-07-2021,14.4,26.7,20.55,0,0
20210717,17-07-2021,12.8,27.2,20,0,0
20210718,18-07-2021,12.2,28.3,20.25,0,0
20210719,19-07-2021,12.2,29.4,20.8,0,0
20210720,20-07-2021,16.1,30,23.05,0,0
20210721,21-07-2021,17.8,25,21.4,0,0
20210722,22-07-2021,17.8,30,23.9,0,0
20210723,23-07-2021,21.7,31.1,26.4,0,0
20210724,24-07-2021,21.1,32.2,26.65,0,0
20210725,25-07-2021,16.1,31.1,23.6,0,0
20210726,26-07-2021,14.4,33.3,23.85,0,0
20210727,27-07-2021,19.4,30.6,25,1,0
20210728,28-07-2021,19.4,30,24.7,5.6,0
20210729,29-07-2021,18.9,31.7,25.3,7.1,0
20210730,30-07-2021,15,23.9,19.45,0,0
20210731,31-07-2021,12.2,25.6,18.9,0,0
20210801,01-08-2021,13.9,25,19.45,0,0
20210802,02-08-2021,11.1,26.1,18.6,0,0
20210803,03-08-2021,11.1,28.3,19.7,0,0
20210804,04-08-2021,13.9,28.9,21.4,0,0
20210805,05-08-2021,15.6,28.3,21.95,0.3,0
20210806,06-08-2021,20,30,25,0,0
20210807,07-08-2021,19.4,25,22.2,24.6,0
20210808,08-08-2021,20.6,31.1,25.85,0.5,0
20210809,09-08-2021,19.4,27.2,23.3,20.3,0
20210810,10-08-2021,17.8,32.8,25.3,8.9,0
20210811,11-08-2021,20.6,30.6,25.6,0,0
20210812,12-08-2021,17.8,30,23.9,0,0
20210813,13-08-2021,12.8,27.2,20,0,0
20210814,14-08-2021,10.6,26.7,18.65,0,0
20210815,15-08-2021,11.7,26.7,19.2,0,0
20210816,16-08-2021,11.7,26.1,18.9,0,0
20210817,17-08-2021,13.3,27.8,20.55,0,0
20210818,18-08-2021,16.1,31.1,23.6,0,0
20210819,19-08-2021,17.8,32.2,25,0,0
20210820,20-08-2021,17.8,31.1,24.45,0,0
20210821,21-08-2021,17.2,28.3,22.75,6.9,0
20210822,22-08-2021,13.3,26.1,19.7,0,0
20210823,23-08-2021,15.6,30.6,23.1,4.6,0
20210824,24-08-2021,19.4,31.1,25.25,8.1,0
20210825,25-08-2021,20,30,25,0,0
20210826,26-08-2021,20,30,25,0,0
20210827,27-08-2021,20,30.6,25.3,4.1,0
20210828,28-08-2021,20,32.8,26.4,3.8,0
20210829,29-08-2021,18.3,28.9,23.6,0,0
20210830,30-08-2021,15,28.9,21.95,0,0
20210831,31-08-2021,13.9,25.6,19.75,0,0
20210901,01-09-2021,12.2,25,18.6,0,0
20210902,02-09-2021,8.9,25.6,17.25,0,0
20210903,03-09-2021,15,21.1,18.05,2.5,0
20210904,04-09-2021,15,21.1,18.05,0,0
20210905,05-09-2021,12.8,26.7,19.75,0,0
20210906,06-09-2021,10,26.1,18.05,0,0
20210907,07-09-2021,15,26.1,20.55,3.8,0
20210908,08-09-2021,11.1,22.8,16.95,0,0
20210909,09-09-2021,9.4,23.9,16.65,0,0
20210910,10-09-2021,10,26.1,18.05,0,0
20210911,11-09-2021,13.3,29.4,21.35,0,0
20210912,12-09-2021,17.2,23.9,20.55,0.5,0
20210913,13-09-2021,15.6,20.6,18.1,29.2,0
20210914,14-09-2021,12.2,23.3,17.75,0,0
20210915,15-09-2021,10,24.4,17.2,0,0
20210916,16-09-2021,10,27.2,18.6,0,0
20210917,17-09-2021,11.1,27.8,19.45,0,0
20210918,18-09-2021,8.9,25.6,17.25,0,0
20210919,19-09-2021,11.1,31.1,21.1,0,0
20210920,20-09-2021,18.3,28.3,23.3,22.4,0
20210921,21-09-2021,11.1,20.6,15.85,0.3,0
20210922,22-09-2021,8.9,18.3,13.6,0,0
20210923,23-09-2021,6.7,20.6,13.65,0,0
20210924,24-09-2021,7.2,26.1,16.65,0.8,0
20210925,25-09-2021,8.9,18.9,13.9,0,0
20210926,26-09-2021,11.1,27.2,19.15,0,0
20210927,27-09-2021,10.6,28.3,19.45,0,0
20210928,28-09-2021,8.3,24.4,16.35,0,0
20210929,29-09-2021,7.2,27.2,17.2,0,0
20210930,30-09-2021,10.6,28.9,19.75,0,0
20211001,01-10-2021,11.1,28.9,20,0,0
20211002,02-10-2021,18.9,26.1,22.5,1,0
20211003,03-10-2021,17.2,23.3,20.25,1,0
20211004,04-10-2021,16.1,21.7,18.9,0,0
20211005,05-10-2021,15.6,20.6,18.1,0,0
20211006,06-10-2021,15,25,20,0,0
20211007,07-10-2021,14.4,20,17.2,12.7,0
20211008,08-10-2021,15.6,22.2,18.9,0,0
20211009,09-10-2021,13.9,26.1,20,0,0
20211010,10-10-2021,17.2,22.8,20,0.3,0
20211011,11-10-2021,15.6,19.4,17.5,11.4,0
20211012,12-10-2021,14.4,17.8,16.1,1.3,0
20211013,13-10-2021,13.3,19.4,16.35,4.6,0
20211014,14-10-2021,7.2,19.4,13.3,0,0
20211015,15-10-2021,6.1,15,10.55,0,0
20211016,16-10-2021,4.4,15,9.7,0,0
20211017,17-10-2021,2.2,18.3,10.25,0,0
20211018,18-10-2021,2.8,22.2,12.5,0,0
20211019,19-10-2021,5.6,22.2,13.9,0,0
20211020,20-10-2021,8.9,22.2,15.55,0.5,0
20211021,21-10-2021,0.6,16.1,8.35,1,0
20211022,22-10-2021,-0.5,9.4,4.45,0,0
20211023,23-10-2021,-0.5,11.7,5.6,0,0
20211024,24-10-2021,-1,10,4.5,5.6,0
20211025,25-10-2021,0.6,11.7,6.15,1.5,0
20211026,26-10-2021,-1,12.8,5.9,0,0
20211027,27-10-2021,-1,14.4,6.7,0,0
20211028,28-10-2021,6.1,11.1,8.6,5.8,0
20211029,29-10-2021,8.9,11.7,10.3,0,0
20211030,30-10-2021,2.8,13.3,8.05,0,0
20211031,31-10-2021,2.2,10.6,6.4,0,0
20211101,01-11-2021,0.6,8.3,4.45,0,0
20211102,02-11-2021,-3.8,7.2,1.7,0,0
20211103,03-11-2021,-6,6.1,0.05,0,0
20211104,04-11-2021,-3.2,9.4,3.1,0,0
20211105,05-11-2021,0,11.1,5.55,0,0
20211106,06-11-2021,3.9,15.6,9.75,0,0
20211107,07-11-2021,3.3,17.8,10.55,0,0
20211108,08-11-2021,4.4,19.4,11.9,0,0
20211109,09-11-2021,-1.6,15,6.7,0,0
20211110,10-11-2021,-3.8,12.8,4.5,0.3,0
20211111,11-11-2021,3.9,12.2,8.05,6.6,0
20211112,12-11-2021,1.1,3.9,2.5,1,0
20211113,13-11-2021,0,3.3,1.65,1,0
20211114,14-11-2021,-1,2.2,0.6,0,0
20211115,15-11-2021,-5.5,0.6,-2.45,0,0
20211116,16-11-2021,-6,9.4,1.7,0,0
20211117,17-11-2021,0.6,11.1,5.85,0,0
20211118,18-11-2021,-3.2,0.6,-1.3,0,0
20211119,19-11-2021,-7.7,2.8,-2.45,0,0
20211120,20-11-2021,-1.6,8.9,3.65,0,0
20211121,21-11-2021,-3.8,11.1,3.65,0,0
20211122,22-11-2021,-7.7,0,-3.85,0,0
20211123,23-11-2021,-7.7,6.1,-0.8,0,0
20211124,24-11-2021,1.7,11.1,6.4,0,0
20211125,25-11-2021,-8.8,7.2,-0.8,0.3,0
20211126,26-11-2021,-10.5,-1.6,-6.05,0,0
20211127,27-11-2021,-2.7,3.9,0.6,0,0
20211128,28-11-2021,-7.7,3.9,-1.9,0,0
20211129,29-11-2021,-6.6,5.6,-0.5,0,0
20211130,30-11-2021,-3.2,8.9,2.85,0,0
20211201,01-12-2021,-1.6,10,4.2,0,0
20211202,02-12-2021,2.2,10.6,6.4,0,0
20211203,03-12-2021,-1.6,6.1,2.25,3,0
20211204,04-12-2021,-2.7,1.7,-0.5,0,0
20211205,05-12-2021,-0.5,2.2,0.85,1,0
20211206,06-12-2021,-14.3,1.1,-6.6,0,0
20211207,07-12-2021,-14.3,-5.5,-9.9,0,0
20211208,08-12-2021,-8.8,-2.7,-5.75,0,0
20211209,09-12-2021,-6,3.9,-1.05,0,0
20211210,10-12-2021,-1.6,2.8,0.6,18.8,0
20211211,11-12-2021,-1.6,2.8,0.6,3,0
20211212,12-12-2021,-1,8.3,3.65,0,0
20211213,13-12-2021,-3.2,10,3.4,0,0
20211214,14-12-2021,-3.8,8.9,2.55,0,0
20211215,15-12-2021,8.3,20,14.15,0.3,0
20211216,16-12-2021,-3.8,17.2,6.7,0,0
20211217,17-12-2021,-7.7,-1,-4.35,0,0
20211218,18-12-2021,-5.5,0,-2.75,0,0
20211219,19-12-2021,-5.5,-0.5,-3,0,0
20211220,20-12-2021,-7.1,3.9,-1.6,0,0
20211221,21-12-2021,-9.9,1.7,-4.1,0,0
20211222,22-12-2021,-11,-3.8,-7.4,0,0
20211223,23-12-2021,-6.6,3.9,-1.35,0,0
20211224,24-12-2021,-6,8.3,1.15,0.8,0
20211225,25-12-2021,-5.5,6.1,0.3,0,0
20211226,26-12-2021,-8.2,3.9,-2.15,7.1,0
20211227,27-12-2021,-4.9,3.3,-0.8,1,5
20211228,28-12-2021,-6,1.1,-2.45,7.4,3
20211229,29-12-2021,-11.6,1.1,-5.25,0,8
20211230,30-12-2021,-12.1,-1,-6.55,0.3,8
20211231,31-12-2021,-3.2,-1,-2.1,0.3,8
20220101,01-01-2022,-9.9,-3.2,-6.55,1,8
20220102,02-01-2022,-16.6,-8.2,-12.4,0,10
20220103,03-01-2022,-17.7,-6.6,-12.15,0,8
20220104,04-01-2022,-8.8,-0.5,-4.65,0,8
20220105,05-01-2022,-11.6,-0.5,-6.05,0.5,8
20220106,06-01-2022,-18.8,-11.6,-15.2,0.3,10
20220107,07-01-2022,-22.1,-10.5,-16.3,0,10
20220108,08-01-2022,-12.7,-3.2,-7.95,0,10
20220109,09-01-2022,-13.8,-2.1,-7.95,0,8
20220110,10-01-2022,-19.9,-12.7,-16.3,0,8
20220111,11-01-2022,-20.5,2.2,-9.15,0,8
20220112,12-01-2022,-2.7,5.6,1.45,0,8
20220113,13-01-2022,-4.3,4.4,0.05,0,8
20220114,14-01-2022,-10.5,0,-5.25,0.3,8
20220115,15-01-2022,-16,-7.7,-11.85,0,8
20220116,16-01-2022,-18.2,-5.5,-11.85,0,8
20220117,17-01-2022,-6,-1.6,-3.8,0,8
20220118,18-01-2022,-4.3,2.2,-1.05,0,8
20220119,19-01-2022,-15.5,1.1,-7.2,0,8
20220120,20-01-2022,-20.5,-12.7,-16.6,0,8
20220121,21-01-2022,-22.7,-8.2,-15.45,0,8
20220122,22-01-2022,-9.9,-2.7,-6.3,4.1,8
20220123,23-01-2022,-16.6,-9.9,-13.25,2,18
20220124,24-01-2022,-15.5,-8.2,-11.85,4.1,20
20220125,25-01-2022,-23.2,-14.3,-18.75,0,18
20220126,26-01-2022,-27.7,-10.5,-19.1,0,18
20220127,27-01-2022,-12.7,1.7,-5.5,0,18
20220128,28-01-2022,-17.1,-8.2,-12.65,0,15
20220129,29-01-2022,-14.9,-5.5,-10.2,0,15
20220130,30-01-2022,-13.8,-2.7,-8.25,0,15
20220131,31-01-2022,-16,-0.5,-8.25,0,15
20220201,01-02-2022,-6.6,6.7,0.05,0,13
20220202,02-02-2022,-13.2,-6.6,-9.9,0,10
20220203,03-02-2022,-17.7,-10.5,-14.1,0,10
20220204,04-02-2022,-19.3,-7.7,-13.5,0.5,10
20220205,05-02-2022,-18.8,-6,-12.4,0,10
20220206,06-02-2022,-7.7,2.8,-2.45,0,10
20220207,07-02-2022,-9.9,-4.3,-7.1,0,10
20220208,08-02-2022,-7.7,3.3,-2.2,0,10
20220209,09-02-2022,-2.1,3.9,0.9,0,10
20220210,10-02-2022,-4.9,1.1,-1.9,1,10
20220211,11-02-2022,-9.9,5.6,-2.15,0.5,10
20220212,12-02-2022,-14.9,-9.3,-12.1,0,10
20220213,13-02-2022,-16,-9.9,-12.95,0,10
20220214,14-02-2022,-12.1,-4.3,-8.2,0,10
20220215,15-02-2022,-12.1,2.8,-4.65,0,8
20220216,16-02-2022,-1,7.8,3.4,1.3,8
20220217,17-02-2022,-14.3,-1,-7.65,0,5
20220218,18-02-2022,-16,2.8,-6.6,1.5,5
20220219,19-02-2022,-16.6,-7.1,-11.85,0,8
20220220,20-02-2022,-7.7,10.6,1.45,0,8
20220221,21-02-2022,-3.8,1.7,-1.05,0.3,3
20220222,22-02-2022,-8.8,-3.8,-6.3,2.5,3
20220223,23-02-2022,-14.9,-6,-10.45,0,3
20220224,24-02-2022,-11,-5.5,-8.25,2,3
20220225,25-02-2022,-11.6,-2.7,-7.15,0.5,8
20220226,26-02-2022,-13.2,-0.5,-6.85,0,8
20220227,27-02-2022,-5.5,4.4,-0.55,0,5
20220228,28-02-2022,-5.5,9.4,1.95,0,5
20220301,01-03-2022,-0.5,9.4,4.45,0,3
20220302,02-03-2022,-3.2,7.8,2.3,0,0
20220303,03-03-2022,-5.5,0,-2.75,0,0
20220304,04-03-2022,-6,3.9,-1.05,0,0
20220305,05-03-2022,1.1,12.2,6.65,30.5,0
20220306,06-03-2022,-0.5,11.1,5.3,0,0
20220307,07-03-2022,-7.7,0,-3.85,6.9,5
20220308,08-03-2022,-11.6,2.2,-4.7,0,5
20220309,09-03-2022,-6,0.6,-2.7,0,3
20220310,10-03-2022,-11,-5.5,-8.25,0,0
20220311,11-03-2022,-12.7,-2.7,-7.7,0,0
20220312,12-03-2022,-15.5,-6,-10.75,0,0
20220313,13-03-2022,-6,9.4,1.7,0,0
20220314,14-03-2022,0,12.2,6.1,0,0
20220315,15-03-2022,-2.1,11.7,4.8,0,0
20220316,16-03-2022,-1,18.9,8.95,0,0
20220317,17-03-2022,2.2,11.7,6.95,3.3,0
20220318,18-03-2022,0,6.1,3.05,14.2,0
20220319,19-03-2022,-2.1,8.3,3.1,2,0
20220320,20-03-2022,-3.8,16.7,6.45,0,0
20220321,21-03-2022,0.6,23.9,12.25,0,0
20220322,22-03-2022,5.6,8.9,7.25,10.9,0
20220323,23-03-2022,1.7,6.1,3.9,14,0
20220324,24-03-2022,0,2.8,1.4,5.1,0
20220325,25-03-2022,-0.5,5.6,2.55,0.3,0
20220326,26-03-2022,-5.5,-0.5,-3,0,0
20220327,27-03-2022,-7.7,0,-3.85,0,0
20220328,28-03-2022,-9.9,2.2,-3.85,0,0
20220329,29-03-2022,-3.2,4.4,0.6,0,0
20220330,30-03-2022,1.7,11.7,6.7,22.1,0
20220331,31-03-2022,-2.1,1.7,-0.2,9.4,3
20220401,01-04-2022,-4.9,7.8,1.45,0,3
20220402,02-04-2022,0.6,3.9,2.25,7.4,0
20220403,03-04-2022,-1.6,8.9,3.65,7.1,0
20220404,04-04-2022,2.8,6.7,4.75,1.3,0
20220405,05-04-2022,3.3,11.7,7.5,10.4,0
20220406,06-04-2022,3.3,10.6,6.95,2.5,0
20220407,07-04-2022,1.1,7.2,4.15,1.3,0
20220408,08-04-2022,0,2.2,1.1,0.5,0
20220409,09-04-2022,-1,11.1,5.05,0,0
20220410,10-04-2022,-2.1,16.1,7,0,0
20220411,11-04-2022,2.8,17.8,10.3,0,0
20220412,12-04-2022,-0.5,18.9,9.2,2.3,0
20220413,13-04-2022,1.7,18.9,10.3,13.2,0
20220414,14-04-2022,0.6,5.6,3.1,0,0
20220415,15-04-2022,-0.5,5,2.25,0,0
20220416,16-04-2022,-2.7,6.1,1.7,0,0
20220417,17-04-2022,-4.3,8.3,2,0,0
20220418,18-04-2022,0,3.9,1.95,3.3,3
20220419,19-04-2022,-0.5,10,4.75,0,0
20220420,20-04-2022,5,10,7.5,3.6,0
20220421,21-04-2022,3.3,19.4,11.35,0,0
20220422,22-04-2022,2.8,11.1,6.95,23.4,0
20220423,23-04-2022,10,27.2,18.6,0,0
20220424,24-04-2022,9.4,21.1,15.25,1.3,0
20220425,25-04-2022,2.8,9.4,6.1,0,0
20220426,26-04-2022,-2.1,6.7,2.3,0,0
20220427,27-04-2022,-2.7,7.2,2.25,0,0
20220428,28-04-2022,1.7,9.4,5.55,1,0
20220429,29-04-2022,5,17.8,11.4,1.5,0
20220430,30-04-2022,8.9,17.2,13.05,8.9,0
20220501,01-05-2022,8.3,12.2,10.25,0,0
20220502,02-05-2022,6.7,10.6,8.65,0,0
20220503,03-05-2022,1.1,9.4,5.25,8.9,0
20220504,04-05-2022,0,16.1,8.05,0,0
20220505,05-05-2022,3.9,17.8,10.85,0,0
20220506,06-05-2022,7.8,18.3,13.05,0,0
20220507,07-05-2022,2.8,20.6,11.7,0,0
20220508,08-05-2022,7.2,16.1,11.65,0,0
20220509,09-05-2022,13.9,28.3,21.1,0,0
20220510,10-05-2022,20,32.2,26.1,0.5,0
20220511,11-05-2022,21.1,32.8,26.95,0,0
20220512,12-05-2022,22.8,34.4,28.6,0,0
20220513,13-05-2022,18.9,33.3,26.1,4.3,0
20220514,14-05-2022,15,30,22.5,0,0
20220515,15-05-2022,15,23.9,19.45,0.5,0
20220516,16-05-2022,10.6,24.4,17.5,0,0
20220517,17-05-2022,7.2,20,13.6,0,0
20220518,18-05-2022,9.4,16.7,13.05,3.3,0
20220519,19-05-2022,11.7,27.8,19.75,0.5,0
20220520,20-05-2022,11.7,22.2,16.95,2.3,0
20220521,21-05-2022,8.9,17.8,13.35,0,0
20220522,22-05-2022,6.7,16.1,11.4,0,0
20220523,23-05-2022,3.3,17.8,10.55,0,0
20220524,24-05-2022,5,17.8,11.4,0,0
20220525,25-05-2022,11.1,18.3,14.7,36.8,0
20220526,26-05-2022,15.6,23.9,19.75,7.4,0
20220527,27-05-2022,11.7,21.1,16.4,0,0
20220528,28-05-2022,11.1,22.2,16.65,0,0
20220529,29-05-2022,16.1,30,23.05,0,0
20220530,30-05-2022,20.6,32.2,26.4,0,0
20220531,31-05-2022,20,27.8,23.9,0,0
20220601,01-06-2022,13.3,22.8,18.05,0,0
20220602,02-06-2022,10,24.4,17.2,0,0
20220603,03-06-2022,8.3,23.9,16.1,0,0
20220604,04-06-2022,7.8,17.8,12.8,1.3,0
20220605,05-06-2022,13.9,23.9,18.9,9.7,0
20220606,06-06-2022,12.2,20.6,16.4,11.9,0
20220607,07-06-2022,10,24.4,17.2,0,0
20220608,08-06-2022,9.4,16.1,12.75,21.6,0
20220609,09-06-2022,9.4,25,17.2,0,0
20220610,10-06-2022,11.1,25,18.05,1,0
20220611,11-06-2022,14.4,21.7,18.05,1.8,0
20220612,12-06-2022,13.9,24.4,19.15,0,0
20220613,13-06-2022,12.2,26.1,19.15,12.2,0
20220614,14-06-2022,18.3,35.6,26.95,0,0
20220615,15-06-2022,19.4,33.9,26.65,34.8,0
20220616,16-06-2022,17.8,31.1,24.45,0,0
20220617,17-06-2022,15.6,27.8,21.7,0,0
20220618,18-06-2022,11.7,24.4,18.05,0,0
20220619,19-06-2022,10.6,28.9,19.75,0,0
20220620,20-06-2022,21.1,33.3,27.2,0,0
20220621,21-06-2022,22.2,34.4,28.3,0,0
20220622,22-06-2022,16.7,28.9,22.8,0,0
20220623,23-06-2022,13.9,30.6,22.25,0,0
20220624,24-06-2022,20,32.2,26.1,0,0
20220625,25-06-2022,19.4,23.9,21.65,5.6,0
20220626,26-06-2022,16.1,23.9,20,0,0
20220627,27-06-2022,12.8,25,18.9,0,0
20220628,28-06-2022,13.3,28.3,20.8,2.3,0
20220629,29-06-2022,14.4,30,22.2,0,0
20220630,30-06-2022,22.8,32.2,27.5,0,0
20220701,01-07-2022,18.3,26.7,22.5,0,0
20220702,02-07-2022,12.8,28.9,20.85,0,0
20220703,03-07-2022,15,30.6,22.8,0,0
20220704,04-07-2022,17.8,26.7,22.25,19.6,0
20220705,05-07-2022,20.6,31.7,26.15,48.5,0
20220706,06-07-2022,20,27.2,23.6,0.3,0
20220707,07-07-2022,17.2,29.4,23.3,0,0
20220708,08-07-2022,16.7,26.7,21.7,1,0
20220709,09-07-2022,14.4,26.1,20.25,0,0
20220710,10-07-2022,11.7,27.2,19.45,2.5,0
20220711,11-07-2022,19.4,30.6,25,0,0
20220712,12-07-2022,17.8,28.3,23.05,0,0
20220713,13-07-2022,16.7,26.1,21.4,0,0
20220714,14-07-2022,12.8,26.7,19.75,0,0
20220715,15-07-2022,16.1,23.9,20,14,0
20220716,16-07-2022,16.1,27.2,21.65,0,0
20220717,17-07-2022,17.2,30,23.6,0,0
20220718,18-07-2022,16.1,31.1,23.6,0,0
20220719,19-07-2022,22.8,30.6,26.7,0,0
20220720,20-07-2022,21.7,28.3,25,0,0
20220721,21-07-2022,19.4,31.7,25.55,0,0
20220722,22-07-2022,15.6,31.1,23.35,0,0
20220723,23-07-2022,21.7,32.2,26.95,31.8,0
20220724,24-07-2022,17.8,28.3,23.05,12.2,0
20220725,25-07-2022,14.4,25,19.7,0,0
20220726,26-07-2022,15.6,27.2,21.4,0,0
20220727,27-07-2022,20,27.8,23.9,7.1,0
20220728,28-07-2022,17.8,25.6,21.7,0.8,0
20220729,29-07-2022,15,26.1,20.55,0,0
20220730,30-07-2022,13.3,27.8,20.55,0,0
20220731,31-07-2022,16.1,27.8,21.95,0,0
20220801,01-08-2022,17.2,27.8,22.5,8.9,0
20220802,02-08-2022,15,30.6,22.8,0,0
20220803,03-08-2022,20.6,28.3,24.45,13.5,0
20220804,04-08-2022,17.2,28.9,23.05,0,0
20220805,05-08-2022,13.9,30,21.95,0,0
20220806,06-08-2022,22.2,32.8,27.5,27.4,0
20220807,07-08-2022,22.2,27.2,24.7,16.8,0
20220808,08-08-2022,15.6,25,20.3,10.2,0
20220809,09-08-2022,12.8,26.7,19.75,0,0
20220810,10-08-2022,14.4,28.3,21.35,0,0
20220811,11-08-2022,14.4,26.1,20.25,0,0
20220812,12-08-2022,11.7,19.4,15.55,0.5,0
20220813,13-08-2022,18.3,22.8,20.55,0.3,0
20220814,14-08-2022,16.1,22.2,19.15,0,0
20220815,15-08-2022,13.3,25.6,19.45,0,0
20220816,16-08-2022,12.8,26.7,19.75,0,0
20220817,17-08-2022,11.1,27.8,19.45,0,0
20220818,18-08-2022,13.3,27.2,20.25,0,0
20220819,19-08-2022,17.8,26.1,21.95,0.3,0
20220820,20-08-2022,17.8,23.3,20.55,4.6,0
20220821,21-08-2022,15.6,26.1,20.85,0,0
20220822,22-08-2022,11.1,27.2,19.15,0,0
20220823,23-08-2022,14.4,28.3,21.35,0,0
20220824,24-08-2022,14.4,27.8,21.1,4.3,0
20220825,25-08-2022,17.8,26.1,21.95,47.2,0
20220826,26-08-2022,16.1,25.6,20.85,0,0
20220827,27-08-2022,13.9,25,19.45,11.4,0
20220828,28-08-2022,17.8,28.3,23.05,1,0
20220829,29-08-2022,19.4,27.8,23.6,0,0
20220830,30-08-2022,16.7,25,20.85,0,0
20220831,31-08-2022,15,28.9,21.95,0,0
20220901,01-09-2022,16.1,29.4,22.75,0,0
20220902,02-09-2022,21.7,28.9,25.3,0,0
20220903,03-09-2022,15,23.3,19.15,6.9,0
20220904,04-09-2022,13.3,21.7,17.5,0,0
20220905,05-09-2022,12.2,22.2,17.2,0,0
20220906,06-09-2022,11.7,25.6,18.65,0,0
20220907,07-09-2022,11.7,28.3,20,0,0
20220908,08-09-2022,15.6,27.8,21.7,0,0
20220909,09-09-2022,16.1,27.8,21.95,0,0
20220910,10-09-2022,14.4,23.9,19.15,5.6,0
20220911,11-09-2022,12.8,14.4,13.6,55.4,0
20220912,12-09-2022,11.7,16.1,13.9,19.8,0
20220913,13-09-2022,12.8,24.4,18.6,0,0
20220914,14-09-2022,10,22.8,16.4,0,0
20220915,15-09-2022,11.7,26.7,19.2,0,0
20220916,16-09-2022,15.6,27.2,21.4,0,0
20220917,17-09-2022,18.9,26.1,22.5,0,0
20220918,18-09-2022,18.3,27.2,22.75,0,0
20220919,19-09-2022,14.4,26.7,20.55,0,0
20220920,20-09-2022,17.8,27.2,22.5,5.1,0
20220921,21-09-2022,13.3,25,19.15,0,0
20220922,22-09-2022,7.2,17.8,12.5,0,0
20220923,23-09-2022,5.6,16.7,11.15,0,0
20220924,24-09-2022,10.6,15.6,13.1,7.6,0
20220925,25-09-2022,12.2,20,16.1,2,0
20220926,26-09-2022,8.3,15.6,11.95,0,0
20220927,27-09-2022,5,13.9,9.45,0,0
20220928,28-09-2022,2.8,14.4,8.6,0,0
20220929,29-09-2022,1.7,17.2,9.45,0,0
20220930,30-09-2022,2.8,20.6,11.7,0,0
20221001,01-10-2022,3.3,21.7,12.5,0,0
20221002,02-10-2022,8.3,19.4,13.85,0,0
20221003,03-10-2022,4.4,20.6,12.5,0,0
20221004,04-10-2022,5,22.2,13.6,0,0
20221005,05-10-2022,5.6,23.3,14.45,0,0
20221006,06-10-2022,5,17.8,11.4,0,0
20221007,07-10-2022,1.1,11.1,6.1,0,0
20221008,08-10-2022,1.1,14.4,7.75,0,0
20221009,09-10-2022,6.1,19.4,12.75,0,0
20221010,10-10-2022,2.2,20,11.1,0,0
20221011,11-10-2022,7.8,22.2,15,0.5,0
20221012,12-10-2022,6.7,17.2,11.95,7.9,0
20221013,13-10-2022,3.3,8.9,6.1,0.8,0
20221014,14-10-2022,0.6,10,5.3,0,0
20221015,15-10-2022,-0.5,12.2,5.85,0,0
20221016,16-10-2022,2.8,9.4,6.1,0.5,0
20221017,17-10-2022,0,5,2.5,0.5,0
20221018,18-10-2022,-0.5,7.8,3.65,0,0
20221019,19-10-2022,-2.7,7.2,2.25,0,0
20221020,20-10-2022,1.1,16.1,8.6,0,0
20221021,21-10-2022,1.7,24.4,13.05,0,0
20221022,22-10-2022,10,25,17.5,0,0
20221023,23-10-2022,13.9,23.9,18.9,1,0
20221024,24-10-2022,16.7,22.2,19.45,2,0
20221025,25-10-2022,5.6,18.3,11.95,8.4,0
20221026,26-10-2022,0,11.7,5.85,0,0
20221027,27-10-2022,-1.6,13.3,5.85,0,0
20221028,28-10-2022,0,15,7.5,0,0
20221029,29-10-2022,-0.5,17.2,8.35,0,0
20221030,30-10-2022,3.9,16.1,10,0,0
20221031,31-10-2022,1.7,18.9,10.3,0,0
20221101,01-11-2022,0.6,21.1,10.85,0,0
20221102,02-11-2022,3.9,22.2,13.05,0,0
20221103,03-11-2022,7.8,21.7,14.75,0,0
20221104,04-11-2022,8.3,18.3,13.3,38.1,0
20221105,05-11-2022,6.7,16.7,11.7,15.5,0
20221106,06-11-2022,6.1,14.4,10.25,0,0
20221107,07-11-2022,1.7,9.4,5.55,0,0
20221108,08-11-2022,1.1,12.2,6.65,0,0
20221109,09-11-2022,8.9,20.6,14.75,0,0
20221110,10-11-2022,7.8,21.7,14.75,15,0
20221111,11-11-2022,-1,7.8,3.4,0.5,0
20221112,12-11-2022,-1,1.7,0.35,0.8,0
20221113,13-11-2022,-5.5,0.6,-2.45,0,0
20221114,14-11-2022,-6.6,2.8,-1.9,0,0
20221115,15-11-2022,-1,1.1,0.05,6.9,0
20221116,16-11-2022,-2.1,1.1,-0.5,0.8,5
20221117,17-11-2022,-3.8,0,-1.9,1.5,3
20221118,18-11-2022,-7.1,-3.2,-5.15,0,5
20221119,19-11-2022,-11,-3.8,-7.4,0,3
20221120,20-11-2022,-12.1,0,-6.05,0,3
20221121,21-11-2022,-6,5,-0.5,0,3
20221122,22-11-2022,-7.7,6.1,-0.8,0,3
20221123,23-11-2022,-4.9,11.1,3.1,0,0
20221124,24-11-2022,-1,9.4,4.2,0,0
20221125,25-11-2022,-1.6,10.6,4.5,0,0
20221126,26-11-2022,1.7,11.7,6.7,0,0
20221127,27-11-2022,-4.3,6.7,1.2,0,0
20221128,28-11-2022,-7.1,6.7,-0.2,0,0
20221129,29-11-2022,-2.7,11.1,4.2,6.6,0
20221130,30-11-2022,-8.2,-2.7,-5.45,0,0
20221201,01-12-2022,-9.3,1.1,-4.1,0,0
20221202,02-12-2022,-1,9.4,4.2,0,0
20221203,03-12-2022,-7.7,5,-1.35,0,0
20221204,04-12-2022,-6.6,2.2,-2.2,0,0
20221205,05-12-2022,0,3.3,1.65,0.3,0
20221206,06-12-2022,-3.8,1.1,-1.35,1,0
20221207,07-12-2022,-2.1,0.6,-0.75,0,0
20221208,08-12-2022,-3.2,2.8,-0.2,0,0
20221209,09-12-2022,-2.1,1.1,-0.5,11.7,0
20221210,10-12-2022,0.6,2.2,1.4,0.3,8
20221211,11-12-2022,0.6,2.2,1.4,0,5
20221212,12-12-2022,0,2.8,1.4,0,3
20221213,13-12-2022,1.1,2.2,1.65,1.3,3
20221214,14-12-2022,0.6,5.6,3.1,26.7,0
20221215,15-12-2022,-2.1,1.1,-0.5,8.4,10
20221216,16-12-2022,-4.9,-2.1,-3.5,0.5,8
20221217,17-12-2022,-7.1,-3.8,-5.45,0.3,8
20221218,18-12-2022,-14.3,-7.1,-10.7,0,8
20221219,19-12-2022,-17.1,-6,-11.55,0.3,8
20221220,20-12-2022,-15.5,-3.2,-9.35,0.3,8
20221221,21-12-2022,-18.8,-4.3,-11.55,0.5,8
20221222,22-12-2022,-23.8,-2.1,-12.95,5.8,13
20221223,23-12-2022,-24.3,-19.3,-21.8,0,15
20221224,24-12-2022,-19.3,-11.6,-15.45,0,15
20221225,25-12-2022,-18.2,-10.5,-14.35,0,15
20221226,26-12-2022,-16.6,-8.2,-12.4,0,15
20221227,27-12-2022,-16.6,-4.9,-10.75,0,13
20221228,28-12-2022,-4.9,5,0.05,0,13
20221229,29-12-2022,4.4,12.8,8.6,0,10
20221230,30-12-2022,-6.6,11.7,2.55,0,0
20221231,31-12-2022,-7.1,1.1,-3,2.3,0
20230101,01-01-2023,0.6,5.6,3.1,0.8,0
20230102,02-01-2023,-2.1,1.7,-0.2,0,0
20230103,03-01-2023,0,3.9,1.95,12.4,0
20230104,04-01-2023,-0.5,2.8,1.15,1,0
20230105,05-01-2023,-1,1.1,0.05,0.8,3
20230106,06-01-2023,-8.8,-1,-4.9,0,0
20230107,07-01-2023,-7.7,-2.1,-4.9,0,0
20230108,08-01-2023,-6,-3.2,-4.6,0,0
20230109,09-01-2023,-7.1,4.4,-1.35,0,0
20230110,10-01-2023,-4.3,2.8,-0.75,0,0
20230111,11-01-2023,-1.6,7.8,3.1,0,0
20230112,12-01-2023,-0.5,2.8,1.15,0,0
20230113,13-01-2023,-4.9,-0.5,-2.7,0.3,0
20230114,14-01-2023,-5.5,-1,-3.25,0,0
20230115,15-01-2023,-3.8,5.6,0.9,0,0
20230116,16-01-2023,2.2,7.8,5,7.9,0
20230117,17-01-2023,1.7,6.1,3.9,0.3,0
20230118,18-01-2023,0,2.8,1.4,2,0
20230119,19-01-2023,0,2.2,1.1,5.8,5
20230120,20-01-2023,-3.2,0,-1.6,0,3
20230121,21-01-2023,-5.5,-2.7,-4.1,0,3
20230122,22-01-2023,-7.7,-3.2,-5.45,1,5
20230123,23-01-2023,-7.7,-1.6,-4.65,0,3
20230124,24-01-2023,-3.2,0.6,-1.3,0,3
20230125,25-01-2023,-1.6,0,-0.8,3,3
20230126,26-01-2023,-12.1,-1,-6.55,1.3,5
20230127,27-01-2023,-12.7,1.7,-5.5,0.8,10
20230128,28-01-2023,-11,-8.2,-9.6,8.6,8
20230129,29-01-2023,-13.8,-8.2,-11,0.3,23
20230130,30-01-2023,-19.9,-12.7,-16.3,0,20
20230131,31-01-2023,-23.8,-12.7,-18.25,0,18
20230201,01-02-2023,-19.9,-4.3,-12.1,0,15
20230202,02-02-2023,-16.6,-2.7,-9.65,0,13
20230203,03-02-2023,-22.1,-14.3,-18.2,0,13
20230204,04-02-2023,-14.9,0.6,-7.15,0,13
20230205,05-02-2023,-8.8,2.2,-3.3,0,13
20230206,06-02-2023,-13.2,5.6,-3.8,0.5,10
20230207,07-02-2023,-1.6,6.1,2.25,0,8
20230208,08-02-2023,-4.9,7.2,1.15,0,3
20230209,09-02-2023,0.6,3.3,1.95,16,0
20230210,10-02-2023,-6.6,1.7,-2.45,0,8
20230211,11-02-2023,-7.7,5.6,-1.05,0,8
20230212,12-02-2023,-6,7.2,0.6,0,8
20230213,13-02-2023,-2.1,7.2,2.55,0,5
20230214,14-02-2023,-2.1,8.9,3.4,2.3,5
20230215,15-02-2023,0,8.9,4.45,0,0
20230216,16-02-2023,-6.6,0,-3.3,4.1,0
20230217,17-02-2023,-11,-4.3,-7.65,0,8
20230218,18-02-2023,-7.7,3.3,-2.2,0,5
20230219,19-02-2023,-1.6,7.2,2.8,0,3
20230220,20-02-2023,-6.6,5.6,-0.5,0,0
20230221,21-02-2023,-8.8,1.1,-3.85,0.8,0
20230222,22-02-2023,-3.2,-1,-2.1,10.7,0
20230223,23-02-2023,-7.1,-0.5,-3.8,1.3,3
20230224,24-02-2023,-12.1,-5.5,-8.8,0.8,3
20230225,25-02-2023,-6.6,0.6,-3,0.3,5
20230226,26-02-2023,-7.7,4.4,-1.65,0,5
20230227,27-02-2023,0,3.3,1.65,39.6,0
20230228,28-02-2023,-0.5,6.7,3.1,0,0
20230301,01-03-2023,1.1,11.1,6.1,0,0
20230302,02-03-2023,-2.7,2.2,-0.25,0,0
20230303,03-03-2023,-2.7,4.4,0.85,0,0
20230304,04-03-2023,-3.2,7.2,2,0.3,0
20230305,05-03-2023,-5.5,8.9,1.7,8.6,0
20230306,06-03-2023,0.6,5,2.8,3.6,0
20230307,07-03-2023,-1,7.8,3.4,0,0
20230308,08-03-2023,-1.6,7.2,2.8,0,0
20230309,09-03-2023,-1,3.3,1.15,9.1,0
20230310,10-03-2023,-2.1,1.1,-0.5,3,15
20230311,11-03-2023,-3.8,1.1,-1.35,2.8,8
20230312,12-03-2023,-3.2,3.3,0.05,2.5,13
20230313,13-03-2023,-6,-1.6,-3.8,0,8
20230314,14-03-2023,-12.7,0.6,-6.05,0,8
20230315,15-03-2023,-6,8.3,1.15,0,5
20230316,16-03-2023,0.6,7.2,3.9,8.1,0
20230317,17-03-2023,-11,0.6,-5.2,0.5,0
20230318,18-03-2023,-12.7,-3.8,-8.25,0,0
20230319,19-03-2023,-8.8,3.9,-2.45,0,0
20230320,20-03-2023,-1,9.4,4.2,0,0
20230321,21-03-2023,-0.5,12.2,5.85,0,0
20230322,22-03-2023,2.2,9.4,5.8,0,0
20230323,23-03-2023,-1,6.7,2.85,4.3,3
20230324,24-03-2023,-4.3,8.3,2,0,0
20230325,25-03-2023,-4.3,7.8,1.75,19.3,18
20230326,26-03-2023,-7.7,5,-1.35,0,15
20230327,27-03-2023,-6.6,5,-0.8,0,10
20230328,28-03-2023,-4.3,7.2,1.45,0,5
20230329,29-03-2023,-6,2.8,-1.6,0,0
20230330,30-03-2023,-7.7,5.6,-1.05,0,0
20230331,31-03-2023,5,17.8,11.4,30,0
20230401,01-04-2023,-2.1,6.1,2,0.5,0
20230402,02-04-2023,-2.1,12.8,5.35,0,0
20230403,03-04-2023,1.1,13.3,7.2,4.3,0
20230404,04-04-2023,5.6,12.2,8.9,3,0
20230405,05-04-2023,0,13.3,6.65,5.8,0
20230406,06-04-2023,-2.1,10,3.95,0,0
20230407,07-04-2023,-2.7,12.2,4.75,0,0
20230408,08-04-2023,0.6,17.8,9.2,0,0
20230409,09-04-2023,2.2,20,11.1,0,0
20230410,10-04-2023,10,22.8,16.4,0,0
20230411,11-04-2023,10.6,24.4,17.5,0,0
20230412,12-04-2023,15.6,28.3,21.95,0,0
20230413,13-04-2023,13.9,27.8,20.85,0,0
20230414,14-04-2023,13.3,27.8,20.55,0,0
20230415,15-04-2023,11.7,27.8,19.75,8.4,0
20230416,16-04-2023,-1,11.7,5.35,14.2,0
20230417,17-04-2023,-1.6,2.8,0.6,2.5,3
20230418,18-04-2023,-0.5,11.7,5.6,0,0
20230419,19-04-2023,1.1,7.2,4.15,3.3,0
20230420,20-04-2023,4.4,21.7,13.05,2.5,0
20230421,21-04-2023,3.9,11.7,7.8,0,0
20230422,22-04-2023,0,6.7,3.35,1.8,0
20230423,23-04-2023,-0.5,6.1,2.8,0,0
20230424,24-04-2023,-2.7,10,3.65,2.3,0
20230425,25-04-2023,0,8.3,4.15,0,0
20230426,26-04-2023,-3.2,12.2,4.5,0,0
20230427,27-04-2023,3.3,18.9,11.1,0,0
20230428,28-04-2023,1.7,20,10.85,0,0
20230429,29-04-2023,4.4,11.7,8.05,7.1,0
20230430,30-04-2023,2.2,5.6,3.9,3.6,0
20230501,01-05-2023,2.8,10.6,6.7,2.8,0
20230502,02-05-2023,3.3,12.8,8.05,0,0
20230503,03-05-2023,1.1,16.1,8.6,0,0
20230504,04-05-2023,3.9,23.3,13.6,0,0
20230505,05-05-2023,13.3,23.9,18.6,0.3,0
20230506,06-05-2023,13.3,20,16.65,0.8,0
20230507,07-05-2023,10.6,28.3,19.45,0,0
20230508,08-05-2023,10.6,14.4,12.5,13.5,0
20230509,09-05-2023,11.1,21.1,16.1,0,0
20230510,10-05-2023,8.3,24.4,16.35,0,0
20230511,11-05-2023,9.4,27.2,18.3,0,0
20230512,12-05-2023,15.6,23.9,19.75,0.3,0
20230513,13-05-2023,13.9,22.2,18.05,0,0
20230514,14-05-2023,7.2,16.1,11.65,2.8,0
20230515,15-05-2023,3.9,21.1,12.5,0,0
20230516,16-05-2023,8.3,26.1,17.2,0,0
20230517,17-05-2023,3.9,18.3,11.1,0,0
20230518,18-05-2023,3.9,23.3,13.6,0,0
20230519,19-05-2023,9.4,18.9,14.15,1.8,0
20230520,20-05-2023,6.7,23.3,15,0,0
20230521,21-05-2023,7.8,26.1,16.95,0,0
20230522,22-05-2023,9.4,26.7,18.05,0,0
20230523,23-05-2023,8.9,28.3,18.6,0,0
20230524,24-05-2023,10,22.2,16.1,0,0
20230525,25-05-2023,5,20,12.5,0,0
20230526,26-05-2023,2.8,23.3,13.05,0,0
20230527,27-05-2023,4.4,26.1,15.25,0,0
20230528,28-05-2023,7.8,27.2,17.5,0,0
20230529,29-05-2023,8.3,28.3,18.3,0,0
20230530,30-05-2023,10.6,31.1,20.85,0,0
20230531,31-05-2023,14.4,32.8,23.6,0,0
20230601,01-06-2023,16.1,31.7,23.9,16.5,0
20230602,02-06-2023,16.7,31.7,24.2,0,0
20230603,03-06-2023,14.4,32.8,23.6,0,0
20230604,04-06-2023,12.8,28.9,20.85,0,0
20230605,05-06-2023,10.6,30,20.3,0,0
20230606,06-06-2023,15.6,24.4,20,1.8,0
20230607,07-06-2023,10,24.4,17.2,0,0
20230608,08-06-2023,7.8,24.4,16.1,0,0
20230609,09-06-2023,7.2,27.2,17.2,0,0
20230610,10-06-2023,16.7,28.3,22.5,0,0
20230611,11-06-2023,7.2,16.7,11.95,3,0
20230612,12-06-2023,3.3,21.7,12.5,0,0
20230613,13-06-2023,11.7,20,15.85,2.3,0
20230614,14-06-2023,13.3,27.8,20.55,0,0
20230615,15-06-2023,8.9,23.3,16.1,0,0
20230616,16-06-2023,8.3,23.3,15.8,0,0
20230617,17-06-2023,8.9,27.2,18.05,0,0
20230618,18-06-2023,13.3,29.4,21.35,0,0
20230619,19-06-2023,15,30.6,22.8,0,0
20230620,20-06-2023,12.8,30,21.4,0,0
20230621,21-06-2023,13.9,31.7,22.8,0,0
20230622,22-06-2023,14.4,31.7,23.05,0,0
20230623,23-06-2023,12.2,32.2,22.2,0,0
20230624,24-06-2023,16.1,33.3,24.7,5.3,0
20230625,25-06-2023,19.4,26.7,23.05,0,0
20230626,26-06-2023,17.2,23.9,20.55,0,0
20230627,27-06-2023,15,28.3,21.65,0,0
20230628,28-06-2023,16.7,29.4,23.05,0,0
20230629,29-06-2023,20,32.2,26.1,0,0
20230630,30-06-2023,17.2,31.1,24.15,0,0
20230701,01-07-2023,19.4,27.8,23.6,1.3,0
20230702,02-07-2023,20,31.1,25.55,0,0
20230703,03-07-2023,16.1,33.3,24.7,0,0
20230704,04-07-2023,18.9,32.8,25.85,6.9,0
20230705,05-07-2023,18.9,31.1,25,11.7,0
20230706,06-07-2023,14.4,26.7,20.55,0,0
20230707,07-07-2023,11.7,25.6,18.65,0,0
20230708,08-07-2023,16.7,28.3,22.5,0,0
20230709,09-07-2023,12.2,28.9,20.55,0,0
20230710,10-07-2023,19.4,30.6,25,0,0
20230711,11-07-2023,16.7,27.8,22.25,0.8,0
20230712,12-07-2023,14.4,21.7,18.05,42.7,0
20230713,13-07-2023,14.4,27.2,20.8,9.9,0
20230714,14-07-2023,18.3,31.1,24.7,15,0
20230715,15-07-2023,17.2,28.3,22.75,0,0
20230716,16-07-2023,16.1,26.7,21.4,0,0
20230717,17-07-2023,13.3,25,19.15,0,0
20230718,18-07-2023,11.1,26.7,18.9,0,0
20230719,19-07-2023,13.3,27.8,20.55,0,0
20230720,20-07-2023,16.7,26.7,21.7,0,0
20230721,21-07-2023,12.8,27.8,20.3,0,0
20230722,22-07-2023,15,28.9,21.95,23.1,0
20230723,23-07-2023,15,28.3,21.65,0,0
20230724,24-07-2023,15.6,30,22.8,0,0
20230725,25-07-2023,18.3,31.1,24.7,0,0
20230726,26-07-2023,20.6,30,25.3,6.6,0
20230727,27-07-2023,18.3,32.2,25.25,0.8,0
20230728,28-07-2023,19.4,32.8,26.1,39.1,0
20230729,29-07-2023,18.3,28.3,23.3,0,0
20230730,30-07-2023,15,26.7,20.85,0,0
20230731,31-07-2023,14.4,27.8,21.1,0,0
20230801,01-08-2023,13.9,29.4,21.65,0,0
20230802,02-08-2023,19.4,28.3,23.85,0,0
20230803,03-08-2023,17.2,30.6,23.9,0,0
20230804,04-08-2023,18.9,28.9,23.9,0,0
20230805,05-08-2023,16.7,28.9,22.8,0,0
20230806,06-08-2023,15.6,26.1,20.85,0,0
20230807,07-08-2023,17.2,27.2,22.2,0,0
20230808,08-08-2023,16.7,30,23.35,0,0
20230809,09-08-2023,14.4,27.2,20.8,0,0
20230810,10-08-2023,16.7,28.3,22.5,0,0
20230811,11-08-2023,17.2,28.9,23.05,5.3,0
20230812,12-08-2023,16.7,28.3,22.5,0,0
20230813,13-08-2023,13.9,21.1,17.5,0.5,0
20230814,14-08-2023,15.6,22.2,18.9,50.5,0
20230815,15-08-2023,13.9,25,19.45,0,0
20230816,16-08-2023,13.3,26.7,20,0,0
20230817,17-08-2023,13.3,22.2,17.75,5.1,0
20230818,18-08-2023,10.6,23.9,17.25,0,0
20230819,19-08-2023,17.2,28.9,23.05,0,0
20230820,20-08-2023,20,32.8,26.4,0,0
20230821,21-08-2023,16.7,28.3,22.5,0,0
20230822,22-08-2023,16.1,31.1,23.6,0,0
20230823,23-08-2023,25.6,35.6,30.6,0,0
20230824,24-08-2023,23.3,35,29.15,0,0
20230825,25-08-2023,21.1,28.3,24.7,0,0
20230826,26-08-2023,13.3,22.2,17.75,0,0
20230827,27-08-2023,12.8,25,18.9,0,0
20230828,28-08-2023,10.6,26.7,18.65,0,0
20230829,29-08-2023,14.4,27.2,20.8,0,0
20230830,30-08-2023,8.9,22.2,15.55,0,0
20230831,31-08-2023,6.7,25.6,16.15,0,0
20230901,01-09-2023,10,27.8,18.9,0,0
20230902,02-09-2023,18.9,31.7,25.3,0,0
20230903,03-09-2023,21.1,34.4,27.75,0,0
20230904,04-09-2023,20,33.3,26.65,0,0
20230905,05-09-2023,23.3,30.6,26.95,0,0
20230906,06-09-2023,18.3,27.8,23.05,0.5,0
20230907,07-09-2023,14.4,20,17.2,0,0
20230908,08-09-2023,10.6,19.4,15,0.5,0
20230909,09-09-2023,7.8,25,16.4,0,0
20230910,10-09-2023,13.9,26.1,20,0,0
20230911,11-09-2023,12.8,19.4,16.1,8.1,0
20230912,12-09-2023,9.4,21.1,15.25,5.1,0
20230913,13-09-2023,8.3,18.9,13.6,0,0
20230914,14-09-2023,5.6,22.2,13.9,0,0
20230915,15-09-2023,10,25,17.5,0,0
20230916,16-09-2023,12.2,21.7,16.95,1,0
20230917,17-09-2023,9.4,22.8,16.1,0.3,0
20230918,18-09-2023,7.2,22.2,14.7,0.3,0
20230919,19-09-2023,13.3,21.1,17.2,9.1,0
20230920,20-09-2023,13.3,25.6,19.45,0,0
20230921,21-09-2023,16.7,26.1,21.4,1,0
20230922,22-09-2023,16.7,25,20.85,0,0
20230923,23-09-2023,15.6,26.7,21.15,0,0
20230924,24-09-2023,15.6,25,20.3,1.8,0
20230925,25-09-2023,16.7,24.4,20.55,21.1,0
20230926,26-09-2023,16.1,20,18.05,21.1,0
20230927,27-09-2023,16.7,20.6,18.65,4.3,0
20230928,28-09-2023,13.3,20,16.65,0,0
20230929,29-09-2023,9.4,23.9,16.65,0,0
20230930,30-09-2023,15.6,28.9,22.25,0,0
20231001,01-10-2023,15.6,29.4,22.5,0,0
20231002,02-10-2023,14.4,28.3,21.35,0,0
20231003,03-10-2023,13.3,28.9,21.1,0,0
20231004,04-10-2023,16.1,26.1,21.1,0,0
20231005,05-10-2023,11.1,22.8,16.95,0,0
20231006,06-10-2023,6.1,12.2,9.15,0,0
20231007,07-10-2023,2.8,13.3,8.05,0,0
20231008,08-10-2023,3.9,11.7,7.8,0,0
20231009,09-10-2023,1.1,13.3,7.2,0,0
20231010,10-10-2023,5,15.6,10.3,0,0
20231011,11-10-2023,0.6,17.8,9.2,0,0
20231012,12-10-2023,8.3,10,9.15,11.9,0
20231013,13-10-2023,8.9,11.1,10,21.1,0
20231014,14-10-2023,6.7,12.8,9.75,12.4,0
20231015,15-10-2023,5,14.4,9.7,0,0
20231016,16-10-2023,1.1,13.3,7.2,0,0
20231017,17-10-2023,-1.6,16.7,7.55,0,0
20231018,18-10-2023,8.3,17.8,13.05,0,0
20231019,19-10-2023,7.2,15.6,11.4,1.5,0
20231020,20-10-2023,4.4,16.1,10.25,0,0
20231021,21-10-2023,3.9,12.2,8.05,0,0
20231022,22-10-2023,1.7,12.8,7.25,0,0
20231023,23-10-2023,2.2,16.1,9.15,5.3,0
20231024,24-10-2023,13.3,25.6,19.45,0,0
20231025,25-10-2023,14.4,19.4,16.9,2.8,0
20231026,26-10-2023,15.6,18.3,16.95,13.2,0
20231027,27-10-2023,3.3,20.6,11.95,0.3,0
20231028,28-10-2023,1.7,5,3.35,0,0
20231029,29-10-2023,-0.5,3.3,1.4,0,0
20231030,30-10-2023,-3.2,2.8,-0.2,0,0
20231031,31-10-2023,-2.7,2.2,-0.25,0,0
20231101,01-11-2023,-6.6,3.3,-1.65,0,0
20231102,02-11-2023,-0.5,11.1,5.3,0,0
20231103,03-11-2023,2.2,10.6,6.4,0,0
20231104,04-11-2023,-0.5,11.7,5.6,0,0
20231105,05-11-2023,-1,13.9,6.45,0,0
20231106,06-11-2023,8.9,19.4,14.15,0,0
20231107,07-11-2023,2.2,10,6.1,0,0
20231108,08-11-2023,5,8.3,6.65,10.9,0
20231109,09-11-2023,1.7,11.1,6.4,0,0
20231110,10-11-2023,-3.8,7.2,1.7,0,0
20231111,11-11-2023,-6,6.7,0.35,0,0
20231112,12-11-2023,5,12.8,8.9,0,0
20231113,13-11-2023,-2.1,15,6.45,0,0
20231114,14-11-2023,-3.2,14.4,5.6,0,0
20231115,15-11-2023,1.1,17.8,9.45,0,0
20231116,16-11-2023,2.2,17.8,10,0,0
20231117,17-11-2023,-4.3,13.9,4.8,0,0
20231118,18-11-2023,-4.3,12.8,4.25,0,0
20231119,19-11-2023,-4.3,11.7,3.7,0,0
20231120,20-11-2023,1.1,7.8,4.45,1,0
20231121,21-11-2023,0,7.2,3.6,9.4,0
20231122,22-11-2023,-1,5.6,2.3,0,0
20231123,23-11-2023,-4.9,5,0.05,0,0
20231124,24-11-2023,-8.2,-0.5,-4.35,0,0
20231125,25-11-2023,-6.6,0,-3.3,0,0
20231126,26-11-2023,-3.2,0,-1.6,5.1,3
20231127,27-11-2023,-9.9,-3.2,-6.55,0,5
20231128,28-11-2023,-12.7,-4.9,-8.8,0,3
20231129,29-11-2023,-6.6,6.7,0.05,0,3
20231130,30-11-2023,-3.8,8.3,2.25,0,3
20231201,01-12-2023,-3.2,1.7,-0.75,0.8,0
20231202,02-12-2023,-1,2.8,0.9,0,3
20231203,03-12-2023,0,1.7,0.85,6.1,3
20231204,04-12-2023,0,2.2,1.1,0,0
20231205,05-12-2023,-0.5,2.2,0.85,1,0
20231206,06-12-2023,-1,3.3,1.15,0,0
20231207,07-12-2023,-0.5,9.4,4.45,0,0
20231208,08-12-2023,2.8,12.8,7.8,0,0
20231209,09-12-2023,0,6.7,3.35,6.9,0
20231210,10-12-2023,-4.3,0,-2.15,0,0
20231211,11-12-2023,-5.5,0.6,-2.45,0,0
20231212,12-12-2023,-6,1.1,-2.45,0,0
20231213,13-12-2023,-9.9,5,-2.45,0,0
20231214,14-12-2023,-1,10.6,4.8,0,0
20231215,15-12-2023,-0.5,8.9,4.2,0,0
20231216,16-12-2023,1.1,7.2,4.15,3.3,0
20231217,17-12-2023,0,5,2.5,0,0
20231218,18-12-2023,-9.9,0.6,-4.65,0,0
20231219,19-12-2023,-11.6,0,-5.8,0,0
20231220,20-12-2023,-5.5,5,-0.25,0,0
20231221,21-12-2023,-2.7,3.9,0.6,0,0
20231222,22-12-2023,3.3,7.8,5.55,0,0
20231223,23-12-2023,4.4,7.2,5.8,0,0
20231224,24-12-2023,6.1,11.1,8.6,0,0
20231225,25-12-2023,8.9,12.2,10.55,9.4,0
20231226,26-12-2023,0,10.6,5.3,1.5,0
20231227,27-12-2023,-1.6,4.4,1.4,0,0
20231228,28-12-2023,-1.6,1.1,-0.25,11.7,0
20231229,29-12-2023,-4.9,3.3,-0.8,0,3
20231230,30-12-2023,-7.1,2.8,-2.15,0.3,0
20231231,31-12-2023,-2.1,-0.5,-1.3,1.3,0
20240101,01-01-2024,-4.3,-2.1,-3.2,0,3
20240102,02-01-2024,-4.9,-0.5,-2.7,0,3
20240103,03-01-2024,-2.7,1.1,-0.8,0,3
20240104,04-01-2024,-6.6,-0.5,-3.55,0,0
20240105,05-01-2024,-7.7,1.7,-3,0,0
20240106,06-01-2024,-1.6,1.1,-0.25,2.3,3
20240107,07-01-2024,-1.6,0.6,-0.5,0,5
20240108,08-01-2024,-3.2,0.6,-1.3,0,5
20240109,09-01-2024,-1,0.6,-0.2,11.7,5
20240110,10-01-2024,-3.8,0,-1.9,1.5,15
20240111,11-01-2024,-4.3,-0.5,-2.4,3,18
20240112,12-01-2024,-3.8,0,-1.9,13.5,18
20240113,13-01-2024,-17.7,-3.2,-10.45,2.8,30
20240114,14-01-2024,-22.7,-17.7,-20.2,0,30
20240115,15-01-2024,-23.8,-16,-19.9,0,28
20240116,16-01-2024,-22.7,-16.6,-19.65,0,25
20240117,17-01-2024,-18.2,-10.5,-14.35,0,25
20240118,18-01-2024,-18.2,-10.5,-14.35,1,25
20240119,19-01-2024,-17.1,-12.7,-14.9,0.3,25
20240120,20-01-2024,-18.8,-9.9,-14.35,0,25
20240121,21-01-2024,-19.9,-6.6,-13.25,0,25
20240122,22-01-2024,-6.6,0,-3.3,0,25
20240123,23-01-2024,-1,0.6,-0.2,5.1,25
20240124,24-01-2024,0,2.2,1.1,0,28
20240125,25-01-2024,0,2.2,1.1,1.3,23
20240126,26-01-2024,0.6,2.2,1.4,7.9,18
20240127,27-01-2024,0.6,3.3,1.95,0,13
20240128,28-01-2024,-1,1.7,0.35,0,13
20240129,29-01-2024,-2.1,2.8,0.35,0,10
20240130,30-01-2024,1.7,4.4,3.05,0.3,8
20240131,31-01-2024,0.6,4.4,2.5,0,8
20240201,01-02-2024,-3.2,6.7,1.75,0,5
20240202,02-02-2024,-3.2,1.7,-0.75,0,3
20240203,03-02-2024,-2.1,6.7,2.3,0,3
20240204,04-02-2024,-4.3,5.6,0.65,0,0
20240205,05-02-2024,-6.6,1.1,-2.75,0,0
20240206,06-02-2024,-6,5,-0.5,0,0
20240207,07-02-2024,-1,6.1,2.55,0,0
20240208,08-02-2024,2.8,12.8,7.8,1.8,0
20240209,09-02-2024,1.7,5,3.35,0,0
20240210,10-02-2024,-3.8,4.4,0.3,0,0
20240211,11-02-2024,-6,2.2,-1.9,0,0
20240212,12-02-2024,-6.6,8.3,0.85,0,0
20240213,13-02-2024,-4.3,3.9,-0.2,0,0
20240214,14-02-2024,-6.6,7.8,0.6,0,0
20240215,15-02-2024,-4.3,3.9,-0.2,13.7,5
20240216,16-02-2024,-11.6,-1.6,-6.6,0,3
20240217,17-02-2024,-12.7,-1,-6.85,0,0
20240218,18-02-2024,-5.5,6.1,0.3,0,0
20240219,19-02-2024,-8.2,7.2,-0.5,0,0
20240220,20-02-2024,-5.5,12.8,3.65,0,0
20240221,21-02-2024,3.3,15.6,9.45,0,0
20240222,22-02-2024,-2.1,15,6.45,0,0
20240223,23-02-2024,-7.7,5.6,-1.05,0.8,0
20240224,24-02-2024,-12.7,0.6,-6.05,0,0
20240225,25-02-2024,-1,13.9,6.45,0,0
20240226,26-02-2024,-3.8,19.4,7.8,0,0
20240227,27-02-2024,1.1,21.1,11.1,0.3,0
20240228,28-02-2024,-11.6,1.1,-5.25,0,0
20240229,29-02-2024,-11.6,7.2,-2.2,0,0
20240301,01-03-2024,-1,8.9,3.95,0,0
20240302,02-03-2024,-1,15.6,7.3,0,0
20240303,03-03-2024,6.1,22.8,14.45,0,0
20240304,04-03-2024,0,13.9,6.95,16.5,0
20240305,05-03-2024,-0.5,9.4,4.45,0.3,0
20240306,06-03-2024,-2.1,11.1,4.5,0,0
20240307,07-03-2024,-0.5,12.2,5.85,0,0
20240308,08-03-2024,3.3,6.7,5,14.2,0
20240309,09-03-2024,-2.1,3.9,0.9,0,0
20240310,10-03-2024,-2.7,8.3,2.8,0,0
20240311,11-03-2024,-2.1,17.2,7.55,0,0
20240312,12-03-2024,3.3,20,11.65,0,0
20240313,13-03-2024,-0.5,19.4,9.45,0.8,0
20240314,14-03-2024,2.8,9.4,6.1,25.1,0
20240315,15-03-2024,-1.6,12.8,5.6,0,0
20240316,16-03-2024,2.2,11.7,6.95,0,0
20240317,17-03-2024,-3.8,2.8,-0.5,0,0
20240318,18-03-2024,-5.5,2.2,-1.65,0,0
20240319,19-03-2024,-1,13.3,6.15,0,0
20240320,20-03-2024,-4.9,3.9,-0.5,0,0
20240321,21-03-2024,-6.6,2.2,-2.2,2.5,0
20240322,22-03-2024,-2.1,1.1,-0.5,5.3,8
20240323,23-03-2024,-8.2,2.2,-3,0,3
20240324,24-03-2024,-2.7,3.9,0.6,0.3,0
20240325,25-03-2024,3.3,12.8,8.05,16.5,0
20240326,26-03-2024,-2.7,11.7,4.5,9.9,0
20240327,27-03-2024,-3.8,3.9,0.05,0,0
20240328,28-03-2024,-3.8,7.2,1.7,0,0
20240329,29-03-2024,-5.5,11.1,2.8,1.3,0
20240330,30-03-2024,2.2,11.1,6.65,6.6,0
20240331,31-03-2024,0.6,8.3,4.45,0,0
20240401,01-04-2024,0.6,8.9,4.75,13,0
20240402,02-04-2024,0,3.9,1.95,33.3,0
20240403,03-04-2024,0.6,1.7,1.15,6.1,10
20240404,04-04-2024,0.6,6.7,3.65,0.3,8
20240405,05-04-2024,-1,10,4.5,0,0
20240406,06-04-2024,-2.7,12.2,4.75,0,0
20240407,07-04-2024,1.7,7.2,4.45,5.8,0
20240408,08-04-2024,6.1,16.7,11.4,0,0
20240409,09-04-2024,3.3,16.7,10,0,0
20240410,10-04-2024,5,20.6,12.8,0,0
20240411,11-04-2024,5.6,16.1,10.85,0,0
20240412,12-04-2024,7.8,16.1,11.95,0,0
20240413,13-04-2024,1.7,21.1,11.4,0,0
20240414,14-04-2024,11.7,27.8,19.75,0,0
20240415,15-04-2024,4.4,23.9,14.15,0,0
20240416,16-04-2024,7.2,20,13.6,20.6,0
20240417,17-04-2024,8.3,16.7,12.5,2.3,0
20240418,18-04-2024,4.4,10,7.2,1.3,0
20240419,19-04-2024,1.7,11.1,6.4,0,0
20240420,20-04-2024,-0.5,4.4,1.95,0,0
20240421,21-04-2024,-2.1,14.4,6.15,0,0
20240422,22-04-2024,0,17.8,8.9,0,0
20240423,23-04-2024,7.2,21.1,14.15,0,0
20240424,24-04-2024,1.7,12.2,6.95,0,0
20240425,25-04-2024,-0.5,15.6,7.55,0,0
20240426,26-04-2024,3.9,15.6,9.75,4.1,0
20240427,27-04-2024,13.3,26.7,20,1,0
20240428,28-04-2024,8.3,16.7,12.5,6.1,0
20240429,29-04-2024,9.4,19.4,14.4,0,0
20240430,30-04-2024,7.2,21.1,14.15,0,0
20240501,01-05-2024,13.9,22.8,18.35,0,0
20240502,02-05-2024,13.3,22.8,18.05,1.3,0
20240503,03-05-2024,8.9,23.3,16.1,0,0
20240504,04-05-2024,6.7,24.4,15.55,0,0
20240505,05-05-2024,5.6,20,12.8,0,0
20240506,06-05-2024,5.6,22.8,14.2,0,0
20240507,07-05-2024,10,19.4,14.7,17,0
20240508,08-05-2024,7.2,25,16.1,0,0
20240509,09-05-2024,10,17.2,13.6,4.1,0
20240510,10-05-2024,7.2,21.1,14.15,0,0
20240511,11-05-2024,8.9,20.6,14.75,0,0
20240512,12-05-2024,7.8,28.3,18.05,2.3,0
20240513,13-05-2024,13.3,21.1,17.2,0.3,0
20240514,14-05-2024,10,18.3,14.15,0,0
20240515,15-05-2024,7.2,23.3,15.25,0,0
20240516,16-05-2024,10,25,17.5,0,0
20240517,17-05-2024,8.9,26.7,17.8,0,0
20240518,18-05-2024,12.8,30.6,21.7,0,0
20240519,19-05-2024,14.4,26.7,20.55,0,0
20240520,20-05-2024,12.8,20.6,16.7,9.1,0
20240521,21-05-2024,13.3,30,21.65,22.4,0
20240522,22-05-2024,12.8,22.2,17.5,0,0
20240523,23-05-2024,9.4,26.1,17.75,0,0
20240524,24-05-2024,11.7,22.8,17.25,57.2,0
20240525,25-05-2024,8.9,23.9,16.4,0,0
20240526,26-05-2024,12.8,18.9,15.85,14.5,0
20240527,27-05-2024,12.2,22.2,17.2,6.1,0
20240528,28-05-2024,10,20,15,5.8,0
20240529,29-05-2024,10,21.1,15.55,0,0
20240530,30-05-2024,7.2,22.8,15,0,0
20240531,31-05-2024,9.4,26.7,18.05,0,0
20240601,01-06-2024,12.2,20,16.1,15.2,0
20240602,02-06-2024,12.2,25,18.6,0,0
20240603,03-06-2024,16.7,25.6,21.15,25.7,0
20240604,04-06-2024,18.3,28.3,23.3,8.4,0
20240605,05-06-2024,16.7,26.7,21.7,6.6,0
20240606,06-06-2024,15,22.8,18.9,0,0
20240607,07-06-2024,12.8,24.4,18.6,0,0
20240608,08-06-2024,11.7,20.6,16.15,1,0
20240609,09-06-2024,11.7,25,18.35,0,0
20240610,10-06-2024,9.4,23.3,16.35,0,0
20240611,11-06-2024,8.9,23.3,16.1,0,0
20240612,12-06-2024,13.9,30.6,22.25,1.5,0
20240613,13-06-2024,16.1,28.3,22.2,2.5,0
20240614,14-06-2024,12.8,26.7,19.75,0,0
20240615,15-06-2024,12.2,26.7,19.45,0,0
20240616,16-06-2024,18.3,32.2,25.25,15.7,0
20240617,17-06-2024,22.8,33.3,28.05,0,0
20240618,18-06-2024,23.3,33.3,28.3,0,0
20240619,19-06-2024,20.6,30.6,25.6,30.2,0
20240620,20-06-2024,19.4,25.6,22.5,10.7,0
20240621,21-06-2024,19.4,29.4,24.4,14.5,0
20240622,22-06-2024,20.6,27.2,23.9,48.3,0
20240623,23-06-2024,18.3,25.6,21.95,0,0
20240624,24-06-2024,16.1,29.4,22.75,5.8,0
20240625,25-06-2024,23.3,32.2,27.75,0,0
20240626,26-06-2024,17.8,28.9,23.35,0,0
20240627,27-06-2024,12.8,23.9,18.35,0,0
20240628,28-06-2024,16.1,23.3,19.7,37.8,0
20240629,29-06-2024,16.1,28.9,22.5,0,0
20240630,30-06-2024,11.7,22.8,17.25,0,0
20240701,01-07-2024,11.1,23.9,17.5,0,0
20240702,02-07-2024,15.6,22.2,18.9,63.2,0
20240703,03-07-2024,19.4,30,24.7,0,0
20240704,04-07-2024,18.9,27.8,23.35,6.4,0
20240705,05-07-2024,17.2,25,21.1,1.3,0
20240706,06-07-2024,16.1,27.2,21.65,0,0
20240707,07-07-2024,16.1,28.3,22.2,0.5,0
20240708,08-07-2024,20.6,28.3,24.45,0,0
20240709,09-07-2024,18.3,28.3,23.3,0,0
20240710,10-07-2024,19.4,28.3,23.85,0,0
20240711,11-07-2024,17.8,28.9,23.35,0,0
20240712,12-07-2024,16.7,29.4,23.05,0,0
20240713,13-07-2024,16.1,31.1,23.6,35.3,0
20240714,14-07-2024,18.9,30,24.45,83.8,0
20240715,15-07-2024,20.6,31.1,25.85,0.5,0
20240716,16-07-2024,18.3,28.3,23.3,0,0
20240717,17-07-2024,14.4,24.4,19.4,0,0
20240718,18-07-2024,12.2,25,18.6,0,0
20240719,19-07-2024,13.3,26.7,20,0,0
20240720,20-07-2024,15.6,27.8,21.7,0,0
20240721,21-07-2024,17.2,28.3,22.75,0,0
20240722,22-07-2024,16.1,28.3,22.2,0,0
20240723,23-07-2024,18.9,26.1,22.5,20.3,0
20240724,24-07-2024,15.6,24.4,20,0,0
20240725,25-07-2024,13.3,26.7,20,0,0
20240726,26-07-2024,13.3,26.7,20,0,0
20240727,27-07-2024,14.4,28.3,21.35,0,0
20240728,28-07-2024,18.9,28.3,23.6,0.3,0
20240729,29-07-2024,20,28.3,24.15,1.8,0
20240730,30-07-2024,17.2,31.1,24.15,0,0
20240731,31-07-2024,19.4,33.3,26.35,0,0
20240801,01-08-2024,18.9,30,24.45,10.2,0
20240802,02-08-2024,18.3,31.1,24.7,0,0
20240803,03-08-2024,18.9,31.1,25,0,0
20240804,04-08-2024,19.4,31.1,25.25,0,0
20240805,05-08-2024,17.2,26.1,21.65,8.9,0
20240806,06-08-2024,14.4,24.4,19.4,13.5,0
20240807,07-08-2024,12.8,25.6,19.2,0,0
20240808,08-08-2024,13.3,25,19.15,0,0
20240809,09-08-2024,11.7,20.6,16.15,0,0
20240810,10-08-2024,12.8,22.2,17.5,0,0
20240811,11-08-2024,12.8,25,18.9,0,0
20240812,12-08-2024,12.8,27.8,20.3,0,0
20240813,13-08-2024,14.4,28.9,21.65,0,0
20240814,14-08-2024,14.4,28.3,21.35,0,0
20240815,15-08-2024,20,23.3,21.65,11.4,0
20240816,16-08-2024,20,28.9,24.45,8.1,0
20240817,17-08-2024,20,26.1,23.05,0.3,0
20240818,18-08-2024,17.2,26.1,21.65,0,0
20240819,19-08-2024,14.4,25,19.7,0,0
20240820,20-08-2024,11.7,22.2,16.95,0,0
20240821,21-08-2024,9.4,23.9,16.65,0,0
20240822,22-08-2024,10.6,25,17.8,0,0
20240823,23-08-2024,14.4,26.1,20.25,0,0
20240824,24-08-2024,13.3,30,21.65,0,0
20240825,25-08-2024,18.9,32.2,25.55,0,0
20240826,26-08-2024,23.9,34.4,29.15,0,0
20240827,27-08-2024,22.2,32.2,27.2,0.5,0
20240828,28-08-2024,20,29.4,24.7,0,0
20240829,29-08-2024,18.9,27.2,23.05,0,0
20240830,30-08-2024,14.4,26.7,20.55,21.3,0
20240831,31-08-2024,12.8,28.3,20.55,0,0
20240901,01-09-2024,11.7,23.3,17.5,0,0
20240902,02-09-2024,8.9,24.4,16.65,0,0
20240903,03-09-2024,11.7,24.4,18.05,0,0
20240904,04-09-2024,10.6,26.1,18.35,0,0
20240905,05-09-2024,13.3,24.4,18.85,0.3,0
20240906,06-09-2024,8.3,18.9,13.6,0.3,0
20240907,07-09-2024,5.6,18.3,11.95,0,0
20240908,08-09-2024,6.1,23.3,14.7,0,0
20240909,09-09-2024,15,26.1,20.55,0,0
20240910,10-09-2024,11.1,27.2,19.15,0,0
20240911,11-09-2024,15,28.9,21.95,0,0
20240912,12-09-2024,11.7,30,20.85,0,0
20240913,13-09-2024,13.9,29.4,21.65,0,0
20240914,14-09-2024,15,30.6,22.8,0,0
20240915,15-09-2024,15.6,31.7,23.65,0,0
20240916,16-09-2024,13.9,30,21.95,0,0
20240917,17-09-2024,11.7,30,20.85,0,0
20240918,18-09-2024,10.6,29.4,20,0,0
20240919,19-09-2024,12.8,30,21.4,10.4,0
20240920,20-09-2024,13.9,29.4,21.65,6.6,0
20240921,21-09-2024,12.2,30.6,21.4,12.7,0
20240922,22-09-2024,11.1,20,15.55,100.8,0
20240923,23-09-2024,8.3,20.6,14.45,0,0
20240924,24-09-2024,11.1,21.1,16.1,0,0
20240925,25-09-2024,8.9,24.4,16.65,0,0
20240926,26-09-2024,10,26.1,18.05,0,0
20240927,27-09-2024,10,25,17.5,0,0
20240928,28-09-2024,13.3,26.1,19.7,0,0
20240929,29-09-2024,13.3,26.7,20,0,0
20240930,30-09-2024,11.1,26.7,18.9,0,0
20241001,01-10-2024,8.3,20.6,14.45,0,0
20241002,02-10-2024,5,21.1,13.05,0,0
20241003,03-10-2024,9.4,23.9,16.65,0,0
20241004,04-10-2024,7.8,20,13.9,0.3,0
20241005,05-10-2024,6.1,27.8,16.95,0,0
20241006,06-10-2024,10,20.6,15.3,0,0
20241007,07-10-2024,3.3,17.8,10.55,0,0
20241008,08-10-2024,4.4,21.1,12.75,0,0
20241009,09-10-2024,4.4,20.6,12.5,0,0
20241010,10-10-2024,3.9,22.2,13.05,0,0
20241011,11-10-2024,10,27.8,18.9,0,0
20241012,12-10-2024,6.7,18.3,12.5,5.1,0
20241013,13-10-2024,6.1,13.9,10,0.3,0
20241014,14-10-2024,2.8,11.1,6.95,0,0
20241015,15-10-2024,1.1,10,5.55,0,0
20241016,16-10-2024,-1.6,13.9,6.15,0,0
20241017,17-10-2024,2.2,18.3,10.25,0,0
20241018,18-10-2024,5,20.6,12.8,0,0
20241019,19-10-2024,4.4,22.2,13.3,0,0
20241020,20-10-2024,10.6,26.1,18.35,0,0
20241021,21-10-2024,11.7,26.1,18.9,0,0
20241022,22-10-2024,11.1,20,15.55,0,0
20241023,23-10-2024,2.2,16.1,9.15,0,0
20241024,24-10-2024,-0.5,17.2,8.35,3,0
20241025,25-10-2024,2.8,15.6,9.2,0,0
20241026,26-10-2024,0.6,14.4,7.5,0,0
20241027,27-10-2024,0.6,15,7.8,0,0
20241028,28-10-2024,4.4,19.4,11.9,0,0
20241029,29-10-2024,18.3,27.8,23.05,0,0
20241030,30-10-2024,17.8,23.9,20.85,56.1,0
20241031,31-10-2024,4.4,17.8,11.1,7.1,0
20241101,01-11-2024,0.6,10,5.3,0,0
20241102,02-11-2024,-0.5,12.8,6.15,0,0
20241103,03-11-2024,8.9,16.1,12.5,15.7,0
20241104,04-11-2024,15.6,18.9,17.25,1,0
20241105,05-11-2024,10.6,18.9,14.75,14.5,0
20241106,06-11-2024,5,10.6,7.8,0,0
20241107,07-11-2024,1.7,13.9,7.8,0,0
20241108,08-11-2024,4.4,15.6,10,0,0
20241109,09-11-2024,2.8,13.3,8.05,1.3,0
20241110,10-11-2024,9.4,12.8,11.1,4.1,0
20241111,11-11-2024,0,11.1,5.55,0,0
20241112,12-11-2024,-1,9.4,4.2,0,0
20241113,13-11-2024,0,10.6,5.3,1.8,0
20241114,14-11-2024,7.2,9.4,8.3,10.7,0
20241115,15-11-2024,1.7,13.3,7.5,0,0
20241116,16-11-2024,0.6,10,5.3,0.3,0
20241117,17-11-2024,1.1,12.8,6.95,0,0
20241118,18-11-2024,-0.5,14.4,6.95,21.3,0
20241119,19-11-2024,7.2,15.6,11.4,5.8,0
20241120,20-11-2024,-1.6,7.2,2.8,1,0
20241121,21-11-2024,-2.1,6.1,2,7.6,3
20241122,22-11-2024,3.3,7.2,5.25,0,0
20241123,23-11-2024,2.8,6.1,4.45,0,0
20241124,24-11-2024,1.1,7.8,4.45,0,0
20241125,25-11-2024,-2.1,7.2,2.55,0.8,0
20241126,26-11-2024,-6,2.2,-1.9,0,0
20241127,27-11-2024,-3.8,2.8,-0.5,0,0
20241128,28-11-2024,-4.9,-2.7,-3.8,0,0
20241129,29-11-2024,-8.8,-4.3,-6.55,0,0
20241130,30-11-2024,-10.5,-4.3,-7.4,0,0
20241201,01-12-2024,-12.1,-6,-9.05,0,0
20241202,02-12-2024,-11,-2.7,-6.85,0,0
20241203,03-12-2024,-4.9,-0.5,-2.7,0,0
20241204,04-12-2024,-11.6,3.9,-3.85,0,0
20241205,05-12-2024,-12.7,-2.1,-7.4,0,0
20241206,06-12-2024,-10.5,0.6,-4.95,0,0
20241207,07-12-2024,-2.7,10,3.65,0,0
20241208,08-12-2024,0,11.7,5.85,0,0
20241209,09-12-2024,0.6,10.6,5.6,0,0
20241210,10-12-2024,-3.2,0.6,-1.3,0,0
20241211,11-12-2024,-15.5,-3.2,-9.35,0,0
20241212,12-12-2024,-18.2,-13.2,-15.7,0,0
20241213,13-12-2024,-18.2,-6.6,-12.4,0,0
20241214,14-12-2024,-8.2,3.3,-2.45,5.3,0
20241215,15-12-2024,2.8,4.4,3.6,0,0
20241216,16-12-2024,2.2,5,3.6,0.5,0
20241217,17-12-2024,-1.6,2.2,0.3,0.3,0
20241218,18-12-2024,-5.5,-1,-3.25,0.5,0
20241219,19-12-2024,-6,-2.7,-4.35,6.6,0
20241220,20-12-2024,-12.1,-1.6,-6.85,1,13
20241221,21-12-2024,-17.7,-8.8,-13.25,0,8
20241222,22-12-2024,-12.7,0.6,-6.05,0,8
20241223,23-12-2024,0,2.2,1.1,2.5,8
20241224,24-12-2024,-11.6,0.6,-5.5,0,5
20241225,25-12-2024,-12.1,1.1,-5.5,0,5
20241226,26-12-2024,-1,5,2,0,5
20241227,27-12-2024,4.4,8.9,6.65,13,0
20241228,28-12-2024,-1,8.3,3.65,0.3,0
20241229,29-12-2024,-0.5,2.2,0.85,0,0
20241230,30-12-2024,-3.2,6.1,1.45,0,0
20241231,31-12-2024,-1.6,1.1,-0.25,0.8,0
